--
-- PostgreSQL database dump
--

-- Dumped from database version 14.17 (Debian 14.17-1.pgdg120+1)
-- Dumped by pg_dump version 14.17 (Debian 14.17-1.pgdg120+1)

SET statement_timeout = 0;
SET lock_timeout = 0;
SET idle_in_transaction_session_timeout = 0;
SET client_encoding = 'UTF8';
SET standard_conforming_strings = on;
SELECT pg_catalog.set_config('search_path', '', false);
SET check_function_bodies = false;
SET xmloption = content;
SET client_min_messages = warning;
SET row_security = off;

--
-- Data for Name: area; Type: TABLE DATA; Schema: horizonapi; Owner: postgres
--

INSERT INTO horizonapi.area (id, slug, name, description, type, faction, image_path) VALUES (1, 'ban-ur', 'Ban Ur', 'Ban-Ur is the tribal homeland of the nomadic Banuk tribe.', 'Tribal Territory', 'Banuk', 'ban-ur.png');
INSERT INTO horizonapi.area (id, slug, name, description, type, faction, image_path) VALUES (2, 'clan-lands', 'Clan Lands', 'The Clan Lands, also known as the Tenakth Lands, is the territory belonging to the Tenakth tribe within the Forbidden West. The Clan Lands make up the majority of the Forbidden West.', 'Tribal Territory', 'Tenakth', 'clan-lands.png');
INSERT INTO horizonapi.area (id, slug, name, description, type, faction, image_path) VALUES (3, 'great-delta', 'Great Delta', 'The Great Delta is the mentioned-only homeland of the Quen tribe.', 'Tribal Territory', 'Quen', 'great-delta.png');
INSERT INTO horizonapi.area (id, slug, name, description, type, faction, image_path) VALUES (4, 'plainsong', 'Plainsong', 'Plainsong is the home territory of the Utaru tribe.', 'Tribal Territory', 'Utaru', 'plainsong.png');
INSERT INTO horizonapi.area (id, slug, name, description, type, faction, image_path) VALUES (5, 'sacred-lands', 'Sacred Lands', 'The Sacred Lands, also known as Nora Territory or the Savage East, is the territory belonging to the people of the Nora tribe.', 'Tribal Territory', 'Nora', 'sacred-lands.png');
INSERT INTO horizonapi.area (id, slug, name, description, type, faction, image_path) VALUES (6, 'sundom', 'Sundom', 'The Sundom (portmanteau of Sun and Kingdom) is the territory of the Carja tribe, featured in Horizon Zero Dawn and Horizon Forbidden West.', 'Tribal Territory', 'Carja', 'sundom.png');
INSERT INTO horizonapi.area (id, slug, name, description, type, faction, image_path) VALUES (7, 'the-claim', 'The Claim', 'The Claim is a mentioned-only location in Horizon Zero Dawn and Horizon Forbidden West. It is the tribal territory of the Oseram.', 'Tribal Territory', 'Oseram', 'the-claim.png');
INSERT INTO horizonapi.area (id, slug, name, description, type, faction, image_path) VALUES (8, 'forbidden-west', 'Forbidden West', 'The Forbidden West is the Carja name given to the land west of the Daunt. This uncharted region is known for its mystery and danger, as few people who venture there have ever returned in one piece.', 'Primary Location', 'Unknown', 'forbidden-west.png');
INSERT INTO horizonapi.area (id, slug, name, description, type, faction, image_path) VALUES (9, 'burning-shores', 'Burning Shores', 'The Burning Shores are the playable location of Horizon Forbidden West: Burning Shores. The Burning Shores were mentioned in datapoints in Horizon Forbidden West.', 'Primary Location', 'None', 'burning-shores.png');
INSERT INTO horizonapi.area (id, slug, name, description, type, faction, image_path) VALUES (10, 'unknown', 'Unknown', NULL, NULL, NULL, NULL);
INSERT INTO horizonapi.area (id, slug, name, description, type, faction, image_path) VALUES (11, 'firebreak', 'Firebreak', NULL, NULL, NULL, 'fireback.png');


--
-- Data for Name: game; Type: TABLE DATA; Schema: horizonapi; Owner: postgres
--

INSERT INTO horizonapi.game (id, slug, name, developer) VALUES (1, 'horizon-zero-dawn', 'Horizon Zero Dawn', 'Guerrilla Games');
INSERT INTO horizonapi.game (id, slug, name, developer) VALUES (2, 'hzd-frozen-wilds', 'Horizon Zero Dawn: The Frozen Wilds', 'Guerrilla Games');
INSERT INTO horizonapi.game (id, slug, name, developer) VALUES (3, 'horizon-forbidden-west', 'Horizon Forbidden West', 'Guerrilla Games');
INSERT INTO horizonapi.game (id, slug, name, developer) VALUES (4, 'hfw-burning-shores', 'Horizon Forbidden West: Burning Shores', 'Guerrilla Games');
INSERT INTO horizonapi.game (id, slug, name, developer) VALUES (5, 'horizon-call-of-the-mountain', 'Horizon Call of the Mountain', 'Guerrilla Games');
INSERT INTO horizonapi.game (id, slug, name, developer) VALUES (6, 'lego-horizon-adventures', 'LEGO Horizon Adventures', 'Guerrilla Games');
INSERT INTO horizonapi.game (id, slug, name, developer) VALUES (7, 'horizon-zero-dawn-remastered', 'Horizon Zero Dawn Remastered', 'Guerrilla Games');


--
-- Data for Name: area_game; Type: TABLE DATA; Schema: horizonapi; Owner: postgres
--

INSERT INTO horizonapi.area_game (id_area, id_game) VALUES (1, 1);
INSERT INTO horizonapi.area_game (id_area, id_game) VALUES (1, 7);
INSERT INTO horizonapi.area_game (id_area, id_game) VALUES (2, 3);
INSERT INTO horizonapi.area_game (id_area, id_game) VALUES (3, 3);
INSERT INTO horizonapi.area_game (id_area, id_game) VALUES (4, 3);
INSERT INTO horizonapi.area_game (id_area, id_game) VALUES (5, 1);
INSERT INTO horizonapi.area_game (id_area, id_game) VALUES (5, 7);
INSERT INTO horizonapi.area_game (id_area, id_game) VALUES (6, 1);
INSERT INTO horizonapi.area_game (id_area, id_game) VALUES (6, 3);
INSERT INTO horizonapi.area_game (id_area, id_game) VALUES (6, 7);
INSERT INTO horizonapi.area_game (id_area, id_game) VALUES (7, 1);
INSERT INTO horizonapi.area_game (id_area, id_game) VALUES (7, 3);
INSERT INTO horizonapi.area_game (id_area, id_game) VALUES (7, 7);
INSERT INTO horizonapi.area_game (id_area, id_game) VALUES (8, 3);
INSERT INTO horizonapi.area_game (id_area, id_game) VALUES (9, 4);
INSERT INTO horizonapi.area_game (id_area, id_game) VALUES (11, 4);


--
-- Data for Name: region; Type: TABLE DATA; Schema: horizonapi; Owner: postgres
--

INSERT INTO horizonapi.region (id, slug, name, description, id_area, image_path) VALUES (1, 'gatelands', 'Gatelands', 'The Gatelands is a region in the eastern and central parts of the Carja Sundom in Horizon Zero Dawn.', 6, 'gatelands.png');
INSERT INTO horizonapi.region (id, slug, name, description, id_area, image_path) VALUES (2, 'rustwash', 'Rustwash', 'The Rustwash is the northwestern region of the Sundom in Horizon Zero Dawn.', 6, 'rustwash.png');
INSERT INTO horizonapi.region (id, slug, name, description, id_area, image_path) VALUES (3, 'sun-furrows', 'Sun Furrows', 'Sun Furrows is a northern and central region of the Carja Sundom in Horizon Zero Dawn. It shares its western border with the Rustwash region and the Daybrink.', 6, 'sun-furrows.png');
INSERT INTO horizonapi.region (id, slug, name, description, id_area, image_path) VALUES (4, 'sun-steps', 'Sun-Steps', 'The Sun-Steps are the northeasternmost region of the Carja Sundom in Horizon Zero Dawn.', 6, 'sun-steps.png');
INSERT INTO horizonapi.region (id, slug, name, description, id_area, image_path) VALUES (5, 'the-cut', 'The Cut', 'The Cut is the name that the Banuk use to refer to the region due south of Ban-Ur, that was visited by the Nora Aloy in Horizon Zero Dawn: The Frozen Wilds.', 1, 'the-cut.png');
INSERT INTO horizonapi.region (id, slug, name, description, id_area, image_path) VALUES (6, 'the-embrace', 'The Embrace', 'The Embrace, sometimes called All-Mother''s Embrace, is a small valley region in the southwestern part of the Nora Sacred Lands in Horizon Zero Dawn.', 5, 'the-embrace.png');
INSERT INTO horizonapi.region (id, slug, name, description, id_area, image_path) VALUES (7, 'the-jewel', 'The Jewel', 'The Jewel is the southern region of the Carja Sundom in Horizon Zero Dawn.', 6, 'the-jewel.png');
INSERT INTO horizonapi.region (id, slug, name, description, id_area, image_path) VALUES (8, 'the-longroam', 'The Longroam', 'The Longroam is the region to the north of the Nora Sacred Lands in Horizon Zero Dawn. It is a very mountainous region, with high peaks surrounding three valleys, one of which contains the Banuk Encampment.', 5, 'the-longroam.png');
INSERT INTO horizonapi.region (id, slug, name, description, id_area, image_path) VALUES (9, 'valleymeet', 'Valleymeet', 'The Valleymeet is a region in Horizon Zero Dawn north of Mother''s Crown. It is so-named because a number of valleys north of the Sacred Lands join here.', 5, 'valleymeet.png');
INSERT INTO horizonapi.region (id, slug, name, description, id_area, image_path) VALUES (10, 'bonewhite-tear', 'Bonewhite Tear', 'Bonewhite Tear is a region in Horizon Forbidden West.', 2, 'bonewhite-tear.png');
INSERT INTO horizonapi.region (id, slug, name, description, id_area, image_path) VALUES (11, 'burning-shores', 'Burning Shores', 'The Burning Shores are the playable location of Horizon Forbidden West: Burning Shores. The Burning Shores were mentioned in datapoints in Horizon Forbidden West.', 9, 'burning-shores.png');
INSERT INTO horizonapi.region (id, slug, name, description, id_area, image_path) VALUES (12, 'cliffs-of-the-cry', 'Cliffs of the Cry', 'Cliffs of the Cry is a region in Horizon Forbidden West.', 2, 'cliffs-of-the-cry.png');
INSERT INTO horizonapi.region (id, slug, name, description, id_area, image_path) VALUES (13, 'dry-yearn', 'Dry Yearn', 'The Dry Yearn is a region in Horizon Forbidden West.', 2, 'dry-yearn.png');
INSERT INTO horizonapi.region (id, slug, name, description, id_area, image_path) VALUES (14, 'greenswell', 'Greenswell', 'The Greenswell is a region in Horizon Forbidden West.', 2, 'greenswell.png');
INSERT INTO horizonapi.region (id, slug, name, description, id_area, image_path) VALUES (15, 'isle-of-spires', 'Isle of Spires', 'The Isle of Spires, also referred to as the Sunken City, is a region in Horizon Forbidden West.', 8, 'isle-of-spires.png');
INSERT INTO horizonapi.region (id, slug, name, description, id_area, image_path) VALUES (16, 'no-mans-land', 'No Man''s Land', 'No Man''s Land is a region in Horizon Forbidden West. Similar to The Cut and Valleymeet, it acts as a buffer zone between territories, in this case between the Tenakth Clan Lands and the Carja Sundom.', 10, 'no-mans-land.png');
INSERT INTO horizonapi.region (id, slug, name, description, id_area, image_path) VALUES (17, 'the-raintrace', 'The Raintrace', 'The Raintrace is a region in Horizon Forbidden West, home to the Tenakth Lowland Clan.', 2, 'the-raintrace.png');
INSERT INTO horizonapi.region (id, slug, name, description, id_area, image_path) VALUES (18, 'restless-weald', 'Restless Weald', 'Restless Weald is a region in Horizon Forbidden West.', 4, 'restless-weald.png');
INSERT INTO horizonapi.region (id, slug, name, description, id_area, image_path) VALUES (19, 'runners-wild', 'Runner''s Wild', 'Runner''s Wild is a region in Horizon Forbidden West, located north of the Memorial Grove and south of Salt Bite.', 2, 'runners-wild.png');
INSERT INTO horizonapi.region (id, slug, name, description, id_area, image_path) VALUES (20, 'sheerside-mountains', 'Sheerside Mountains', 'The Sheerside Mountains are a region in the Clan Lands.', 2, 'sheerside-mountains.png');
INSERT INTO horizonapi.region (id, slug, name, description, id_area, image_path) VALUES (21, 'shining-wastes', 'Shining Wastes', 'The Shining Wastes is a region in Horizon Forbidden West.', 2, 'shining-wastes.png');
INSERT INTO horizonapi.region (id, slug, name, description, id_area, image_path) VALUES (22, 'stand-of-the-sentinels', 'Stand of the Sentinels', 'The Stand of the Sentinels is a region in the Forbidden West, located to the west of the Sheerside Mountains and north of the Raintrace.', 2, 'stand-of-the-sentinels.png');
INSERT INTO horizonapi.region (id, slug, name, description, id_area, image_path) VALUES (23, 'stillsands', 'Stillsands', 'The Stillsands is a region in Horizon Forbidden West located south of the Shining Wastes and east of the Raintrace.', 10, 'stillsands.png');
INSERT INTO horizonapi.region (id, slug, name, description, id_area, image_path) VALUES (24, 'the-daunt', 'The Daunt', 'The Daunt is a Sundom region in Horizon Forbidden West.', 6, 'the-daunt.png');
INSERT INTO horizonapi.region (id, slug, name, description, id_area, image_path) VALUES (26, 'salt-bite', 'Salt Bite', 'Salt Bite is a Desert Tenakth settlement in Horizon Forbidden West.', 2, 'salt-bite.png');
INSERT INTO horizonapi.region (id, slug, name, description, id_area, image_path) VALUES (25, '21st-century-facility', '21st Century Facility', '', 11, '21-century.png');


--
-- Data for Name: cauldron; Type: TABLE DATA; Schema: horizonapi; Owner: postgres
--

INSERT INTO horizonapi.cauldron (id, slug, name, description, path_image, map_location, id_region) VALUES (1, 'sigma', 'Cauldron SIGMA', 'Cauldron SIGMA is a HEPHAESTUS facility that manufactures machines for use in terraforming.', 'cauldron-sigma.png', 'sigma-location.png', 9);
INSERT INTO horizonapi.cauldron (id, slug, name, description, path_image, map_location, id_region) VALUES (2, 'rho', 'Caudron RHO', 'Cauldron RHO is a HEPHAESTUS facility that manufactures machines for use in terraforming. The only known machine that RHO produces are Snapmaws.', 'cauldron-rho.png', 'rho-location.png', 1);
INSERT INTO horizonapi.cauldron (id, slug, name, description, path_image, map_location, id_region) VALUES (3, 'xi', 'Cauldron XI', 'Cauldron XI is an activity in Horizon Zero Dawn. It was a HEPHAESTUS facility that manufactured machines for use in terraforming before collapsing.', 'cauldron-xi.png', 'xi-location.png', 7);
INSERT INTO horizonapi.cauldron (id, slug, name, description, path_image, map_location, id_region) VALUES (4, 'zeta', 'Cauldron ZETA', 'Cauldron ZETA is an activity in Horizon Zero Dawn. It is a HEPHAESTUS facility that manufactures machines for use in terraforming. The only known machine that ZETA produces are Thunderjaws.', 'cauldron-zeta.png', 'zeta-location.png', 3);
INSERT INTO horizonapi.cauldron (id, slug, name, description, path_image, map_location, id_region) VALUES (5, 'epsilon', 'Cauldron EPSILON', 'Cauldron EPSILON was a location in Horizon Zero Dawn: The Frozen Wilds, located within the 21st century facility known as Firebreak.', 'cauldron-epsilon.png', 'epsilon-location.png', 11);
INSERT INTO horizonapi.cauldron (id, slug, name, description, path_image, map_location, id_region) VALUES (6, 'psi', 'Cauldron PSI', 'Cauldron PSI is a mentioned-only Cauldron. While Cauldron PSI is never visited by Aloy, she gains access to the PSI overrides when she takes the override module from a Corruptor.', 'cauldron-psi.png', 'psi-location.png', 25);
INSERT INTO horizonapi.cauldron (id, slug, name, description, path_image, map_location, id_region) VALUES (7, 'repair-bay-tau', 'Repair-Bay TAU', 'Repair-Bay TAU, known as the Sacred Cave to the Utaru, is a machine repair Cauldron in Horizon Forbidden West. It is located west of Plainsong and is directly connected to a facility above it in the mountain.', 'cauldron-repair-bay-tau.png', 'repair-bay-tau-location.png', 4);
INSERT INTO horizonapi.cauldron (id, slug, name, description, path_image, map_location, id_region) VALUES (8, 'gemini', 'Cauldron GEMINI', 'Cauldron GEMINI is a Cauldron in Horizon Forbidden West.', 'cauldron-gemini.png', 'gemini-location.png', 21);
INSERT INTO horizonapi.cauldron (id, slug, name, description, path_image, map_location, id_region) VALUES (9, 'mu', 'Cauldron MU', 'Cauldron MU is a Cauldron activity in Horizon Forbidden West.', 'cauldron-mu.png', 'mu-location.png', 16);
INSERT INTO horizonapi.cauldron (id, slug, name, description, path_image, map_location, id_region) VALUES (10, 'iota', 'Cauldron IOTA', 'Cauldron IOTA is a Cauldron activity in Horizon Forbidden West.', 'cauldron-iota.png', 'iota-location.png', 26);
INSERT INTO horizonapi.cauldron (id, slug, name, description, path_image, map_location, id_region) VALUES (11, 'kappa', 'Cauldron KAPPA', 'Cauldron KAPPA is a Cauldron activity in Horizon Forbidden West.', 'cauldron-kappa.png', 'kappa-location.png', 17);
INSERT INTO horizonapi.cauldron (id, slug, name, description, path_image, map_location, id_region) VALUES (12, 'chi', 'Cauldron CHI', 'Cauldron CHI is a Cauldron activity in Horizon Forbidden West.', 'cauldron-chi.png', 'chi-location.png', 17);
INSERT INTO horizonapi.cauldron (id, slug, name, description, path_image, map_location, id_region) VALUES (13, 'theta', 'Cauldron THETA', 'Cauldron THETA is a Cauldron activity in Horizon Forbidden West: Burning Shores.', 'cauldron-theta.png', 'theta-location.png', 11);


--
-- Data for Name: characters; Type: TABLE DATA; Schema: horizonapi; Owner: postgres
--

INSERT INTO horizonapi.characters (id, slug, name, image_path, culture, gender, profession, status, eyes_color, hair_color, birth_date, death_date) VALUES (1, 'abas', 'Abas', 'abas.png', 'Shadow Carja', 'Male', 'No data', 'Alive', 'No data', 'No data', 'No data', 'No data');
INSERT INTO horizonapi.characters (id, slug, name, image_path, culture, gender, profession, status, eyes_color, hair_color, birth_date, death_date) VALUES (2, 'ahsis', 'Ahsis', 'ahsis.png', 'Carja', 'Male', 'Hunter', 'Deceased', 'No data', 'No data', 'No data', '3040');
INSERT INTO horizonapi.characters (id, slug, name, image_path, culture, gender, profession, status, eyes_color, hair_color, birth_date, death_date) VALUES (3, 'aidaba', 'Aidaba', 'aidaba.png', 'Carja', 'Female', 'Merchant', 'Alive', 'No data', 'No data', 'No data', 'No data');
INSERT INTO horizonapi.characters (id, slug, name, image_path, culture, gender, profession, status, eyes_color, hair_color, birth_date, death_date) VALUES (4, 'aloy', 'Aloy', 'aloy.png', 'Nora', 'Female', 'Machine hunter', 'Alive', 'Green', 'Red', 'April 4th, 3021', 'No data');
INSERT INTO horizonapi.characters (id, slug, name, image_path, culture, gender, profession, status, eyes_color, hair_color, birth_date, death_date) VALUES (5, 'aluki', 'Aluki', 'aluki.png', 'Banuk', 'Female', 'Hunter', 'Alive', 'No data', 'No data', 'No data', 'No data');
INSERT INTO horizonapi.characters (id, slug, name, image_path, culture, gender, profession, status, eyes_color, hair_color, birth_date, death_date) VALUES (6, 'arana', 'Arana', 'arana.png', 'Nora', 'Female', 'No data', 'Alive', 'No data', 'No data', 'No data', 'No data');
INSERT INTO horizonapi.characters (id, slug, name, image_path, culture, gender, profession, status, eyes_color, hair_color, birth_date, death_date) VALUES (7, 'ardik', 'Ardik', 'ardik.png', 'Banuk', 'Male', 'Hunter', 'Alive', 'No data', 'Brown', 'No data', 'No data');
INSERT INTO horizonapi.characters (id, slug, name, image_path, culture, gender, profession, status, eyes_color, hair_color, birth_date, death_date) VALUES (8, 'arnak', 'Arnak', 'arnak.png', 'Banuk', 'Male', 'Hunter', 'No data', 'No data', 'No data', 'No data', 'No data');
INSERT INTO horizonapi.characters (id, slug, name, image_path, culture, gender, profession, status, eyes_color, hair_color, birth_date, death_date) VALUES (9, 'atral', 'Atral', 'atral.png', 'Shadow Carja', 'Male', 'Soldier', 'Deceased', 'No data', 'No data', 'No data', '3040');
INSERT INTO horizonapi.characters (id, slug, name, image_path, culture, gender, profession, status, eyes_color, hair_color, birth_date, death_date) VALUES (10, 'avad', 'Avad', 'avad.png', 'Carja', 'Male', 'No data', 'Alive', 'Brown', 'Black', 'c. shortly after 2998', 'No data');
INSERT INTO horizonapi.characters (id, slug, name, image_path, culture, gender, profession, status, eyes_color, hair_color, birth_date, death_date) VALUES (11, 'bahavas', 'Bahavas', 'bahavas.png', 'Shadow Carja', 'Male', 'Sun-Priest', 'Deceased', 'No data', 'No data', 'No data', '3040');
INSERT INTO horizonapi.characters (id, slug, name, image_path, culture, gender, profession, status, eyes_color, hair_color, birth_date, death_date) VALUES (12, 'bajund', 'Bajund', 'bajund.png', 'Oseram', 'Male', 'No data', 'Alive', 'Brown', 'Brown', 'No data', 'No data');
INSERT INTO horizonapi.characters (id, slug, name, image_path, culture, gender, profession, status, eyes_color, hair_color, birth_date, death_date) VALUES (13, 'balahn', 'Balahn', 'balahn.png', 'Carja', 'Male', 'Soldier', 'No data', 'Amber', 'Black', 'No data', 'No data');
INSERT INTO horizonapi.characters (id, slug, name, image_path, culture, gender, profession, status, eyes_color, hair_color, birth_date, death_date) VALUES (14, 'bashad', 'Bashad', 'bashad.png', 'Carja', 'Male', 'Hunter', 'Alive', 'No data', 'No data', 'No data', 'No data');
INSERT INTO horizonapi.characters (id, slug, name, image_path, culture, gender, profession, status, eyes_color, hair_color, birth_date, death_date) VALUES (15, 'bast', 'Bast', 'bast.png', 'Nora', 'Male', 'No data', 'Deceased', 'Blue', 'Blond', 'c. 3021', '3039');
INSERT INTO horizonapi.characters (id, slug, name, image_path, culture, gender, profession, status, eyes_color, hair_color, birth_date, death_date) VALUES (16, 'beladga', 'Beladga', 'beladga.png', 'Oseram', 'Female', 'Hunter', 'No data', 'Brown', 'Black', 'No data', 'No data');
INSERT INTO horizonapi.characters (id, slug, name, image_path, culture, gender, profession, status, eyes_color, hair_color, birth_date, death_date) VALUES (17, 'brageld', 'Brageld', 'brageld.png', 'Oseram', 'Male', 'No data', 'Alive', 'Brown', 'Brown', 'No data', 'No data');
INSERT INTO horizonapi.characters (id, slug, name, image_path, culture, gender, profession, status, eyes_color, hair_color, birth_date, death_date) VALUES (18, 'brin', 'Brin', 'brin.png', 'Banuk', 'Male', 'No data', 'Alive', 'No data', 'No data', 'No data', 'No data');
INSERT INTO horizonapi.characters (id, slug, name, image_path, culture, gender, profession, status, eyes_color, hair_color, birth_date, death_date) VALUES (19, 'brom', 'Brom', 'brom.png', 'Nora', 'Male', 'No data', 'Alive', 'Brown', 'Black/Brown', 'No data', 'No data');
INSERT INTO horizonapi.characters (id, slug, name, image_path, culture, gender, profession, status, eyes_color, hair_color, birth_date, death_date) VALUES (20, 'cantarah', 'Cantarah', 'cantarah.png', 'Carja', 'Female', 'Merchant', 'Alive', 'Brown', 'Blonde', 'No data', 'No data');
INSERT INTO horizonapi.characters (id, slug, name, image_path, culture, gender, profession, status, eyes_color, hair_color, birth_date, death_date) VALUES (21, 'daradi', 'Daradi', 'daradi.png', 'Carja', 'Female', 'No data', 'Player determined', 'Brown', 'Brown', 'No data', 'No data');
INSERT INTO horizonapi.characters (id, slug, name, image_path, culture, gender, profession, status, eyes_color, hair_color, birth_date, death_date) VALUES (22, 'dekamin', 'Dekamin', 'dekamin.png', 'CarjaShadow Carja (formerly)', 'Male', 'No data', 'Alive', 'No data', 'No data', 'No data', 'No data');
INSERT INTO horizonapi.characters (id, slug, name, image_path, culture, gender, profession, status, eyes_color, hair_color, birth_date, death_date) VALUES (23, 'den', 'Den', 'den.png', 'Nora', 'Male', 'No data', 'Alive', 'No data', 'No data', 'c. 3020 or earlier', 'No data');
INSERT INTO horizonapi.characters (id, slug, name, image_path, culture, gender, profession, status, eyes_color, hair_color, birth_date, death_date) VALUES (24, 'dervahl', 'Dervahl', 'dervahl.png', 'Oseram', 'Male', 'InventorWarlord', 'Alive', 'Brown', 'Grey/Brown', 'No data', 'No data');
INSERT INTO horizonapi.characters (id, slug, name, image_path, culture, gender, profession, status, eyes_color, hair_color, birth_date, death_date) VALUES (25, 'dirid', 'Dirid', 'dirid.png', 'Carja', 'Male', 'No data', 'No data', 'No data', 'No data', 'No data', '3040');
INSERT INTO horizonapi.characters (id, slug, name, image_path, culture, gender, profession, status, eyes_color, hair_color, birth_date, death_date) VALUES (26, 'dorgeld', 'Dorgeld', 'dorgeld.png', 'Oseram', 'Male', 'No data', 'Alive', 'Gray', 'Brown', 'No data', 'No data');
INSERT INTO horizonapi.characters (id, slug, name, image_path, culture, gender, profession, status, eyes_color, hair_color, birth_date, death_date) VALUES (27, 'dral', 'Dral', 'dral.png', 'Nora', 'Female', 'Hunter', 'Alive', 'Amber', 'Black', 'No data', 'No data');
INSERT INTO horizonapi.characters (id, slug, name, image_path, culture, gender, profession, status, eyes_color, hair_color, birth_date, death_date) VALUES (28, 'dran', 'Dran', 'dran.png', 'Nora', 'Male', 'No data', 'No data', 'No data', 'No data', 'No data', 'No data');
INSERT INTO horizonapi.characters (id, slug, name, image_path, culture, gender, profession, status, eyes_color, hair_color, birth_date, death_date) VALUES (29, 'eclectic-collectibles-merchant', 'Eclectic Collectibles Merchant', 'eclectic-collectibles-merchant.png', 'Carja', 'Female', 'Merchant', 'Alive', 'No data', 'No data', 'No data', 'No data');
INSERT INTO horizonapi.characters (id, slug, name, image_path, culture, gender, profession, status, eyes_color, hair_color, birth_date, death_date) VALUES (30, 'elida', 'Elida', 'elida.png', 'Carja', 'Female', 'No data', 'Alive', 'No data', 'No data', 'c. 3023', 'No data');
INSERT INTO horizonapi.characters (id, slug, name, image_path, culture, gender, profession, status, eyes_color, hair_color, birth_date, death_date) VALUES (31, 'elkend', 'Elkend', 'elkend.png', 'Oseram', 'Male', 'Mercenary', 'Deceased', 'No data', 'No data', 'No data', '3040');
INSERT INTO horizonapi.characters (id, slug, name, image_path, culture, gender, profession, status, eyes_color, hair_color, birth_date, death_date) VALUES (32, 'enara', 'Enara', 'enara.png', 'Nora', 'Female', 'Healer', 'Alive', 'No data', 'No data', 'No data', 'No data');
INSERT INTO horizonapi.characters (id, slug, name, image_path, culture, gender, profession, status, eyes_color, hair_color, birth_date, death_date) VALUES (33, 'enasha', 'Enasha', 'enasha.png', 'Carja', 'Female', 'No data', 'Alive', 'No data', 'No data', 'No data', 'No data');
INSERT INTO horizonapi.characters (id, slug, name, image_path, culture, gender, profession, status, eyes_color, hair_color, birth_date, death_date) VALUES (34, 'erend-vanguardsman', 'Erend Vanguardsman', 'erend-vanguardsman.png', 'Oseram', 'Male', 'Freebooter', 'Alive', 'Blue', 'Dark brown', 'c. shortly before 3021', 'No data');
INSERT INTO horizonapi.characters (id, slug, name, image_path, culture, gender, profession, status, eyes_color, hair_color, birth_date, death_date) VALUES (35, 'ersa', 'Ersa', 'ersa.png', 'Oseram', 'Female', 'No data', 'Deceased', 'Brown', 'Brown', 'Sometime before 3021', '3040');
INSERT INTO horizonapi.characters (id, slug, name, image_path, culture, gender, profession, status, eyes_color, hair_color, birth_date, death_date) VALUES (36, 'ferl', 'Ferl', 'ferl.png', 'Nora', 'Male', 'Scout', 'Alive', 'No data', 'No data', 'c. 3020 or earlier', 'No data');
INSERT INTO horizonapi.characters (id, slug, name, image_path, culture, gender, profession, status, eyes_color, hair_color, birth_date, death_date) VALUES (37, 'fernund', 'Fernund', 'fernund.png', 'Oseram', 'Male', 'No data', 'Alive', 'No data', 'No data', 'No data', 'No data');
INSERT INTO horizonapi.characters (id, slug, name, image_path, culture, gender, profession, status, eyes_color, hair_color, birth_date, death_date) VALUES (38, 'fia', 'Fia', 'fia.png', 'Nora', 'Female', 'Healer', 'Alive', 'No data', 'No data', 'No data', 'No data');
INSERT INTO horizonapi.characters (id, slug, name, image_path, culture, gender, profession, status, eyes_color, hair_color, birth_date, death_date) VALUES (39, 'firiv', 'Firiv', 'firiv.png', 'Carja', 'Male', 'No data', 'Deceased', 'No data', 'No data', 'No data', '3040');
INSERT INTO horizonapi.characters (id, slug, name, image_path, culture, gender, profession, status, eyes_color, hair_color, birth_date, death_date) VALUES (40, 'gaia', 'GAIA', 'gaia.png', 'No data', 'Female', 'Artificial Intelligence', 'Destroyed', 'No data', 'No data', 'c. November 2064 Zero Dawn Project', 'August 26, 3020 GAIA Prime');
INSERT INTO horizonapi.characters (id, slug, name, image_path, culture, gender, profession, status, eyes_color, hair_color, birth_date, death_date) VALUES (41, 'garnund', 'Garnund', 'garnund.png', 'Oseram', 'Male', 'No data', 'Alive', 'No data', 'No data', 'No data', 'No data');
INSERT INTO horizonapi.characters (id, slug, name, image_path, culture, gender, profession, status, eyes_color, hair_color, birth_date, death_date) VALUES (42, 'gavan', 'Gavan', 'gavan.png', 'Carja', 'Male', 'Smuggler', 'No data', 'No data', 'No data', 'No data', 'No data');
INSERT INTO horizonapi.characters (id, slug, name, image_path, culture, gender, profession, status, eyes_color, hair_color, birth_date, death_date) VALUES (43, 'gera', 'Gera', 'gera.png', 'Oseram', 'Female', 'Brewer', 'Alive', 'No data', 'No data', 'No data', 'No data');
INSERT INTO horizonapi.characters (id, slug, name, image_path, culture, gender, profession, status, eyes_color, hair_color, birth_date, death_date) VALUES (44, 'ghaliv', 'Ghaliv', 'ghaliv.png', 'Shadow Carja', 'Male', 'Healer', 'Alive', 'No data', 'No data', 'No data', 'No data');
INSERT INTO horizonapi.characters (id, slug, name, image_path, culture, gender, profession, status, eyes_color, hair_color, birth_date, death_date) VALUES (45, 'greatrun-keeper', 'Greatrun Keeper', 'greatrun-keeper.png', 'Carja', 'Male', 'Hunter', 'Alive', 'No data', 'No data', 'No data', 'No data');
INSERT INTO horizonapi.characters (id, slug, name, image_path, culture, gender, profession, status, eyes_color, hair_color, birth_date, death_date) VALUES (46, 'grist', 'Grist', 'grist.png', 'Nora', 'Male', 'Merchant', 'Alive', 'No data', 'No data', 'No data', 'No data');
INSERT INTO horizonapi.characters (id, slug, name, image_path, culture, gender, profession, status, eyes_color, hair_color, birth_date, death_date) VALUES (47, 'gulahni', 'Gulahni', 'gulahni.png', 'Carja', 'Female', 'Trader', 'Alive', 'No data', 'No data', 'No data', 'No data');
INSERT INTO horizonapi.characters (id, slug, name, image_path, culture, gender, profession, status, eyes_color, hair_color, birth_date, death_date) VALUES (48, 'hakurt', 'Hakurt', 'hakurt.png', 'Oseram', 'Male', 'No data', 'Deceased', 'No data', 'No data', 'No data', '3040');
INSERT INTO horizonapi.characters (id, slug, name, image_path, culture, gender, profession, status, eyes_color, hair_color, birth_date, death_date) VALUES (49, 'hashiv', 'Hashiv', 'hashiv.png', 'Carja', 'Male', 'Smuggler', 'Deceased', 'No data', 'No data', 'No data', '3040');
INSERT INTO horizonapi.characters (id, slug, name, image_path, culture, gender, profession, status, eyes_color, hair_color, birth_date, death_date) VALUES (50, 'havash', 'Havash', 'havash.png', 'Carja', 'Male', 'Hunter', 'Alive', 'No data', 'No data', 'No data', 'No data');
INSERT INTO horizonapi.characters (id, slug, name, image_path, culture, gender, profession, status, eyes_color, hair_color, birth_date, death_date) VALUES (51, 'helis', 'Helis', 'helis.png', 'Shadow Carja', 'Male', 'No data', 'Deceased', 'Gray', 'Dark Brown', 'No data', '3040');
INSERT INTO horizonapi.characters (id, slug, name, image_path, culture, gender, profession, status, eyes_color, hair_color, birth_date, death_date) VALUES (52, 'ilsadi', 'Ilsadi', 'ilsadi.png', 'Carja', 'Female', 'Scholar', 'Alive', 'No data', 'No data', 'No data', 'No data');
INSERT INTO horizonapi.characters (id, slug, name, image_path, culture, gender, profession, status, eyes_color, hair_color, birth_date, death_date) VALUES (53, 'irid', 'Irid', 'irid.png', 'Carja', 'Male', 'Sun-Priest', 'Alive', 'Light Brown', 'Grey (HZDR)Light Brown (HZD)', 'No data', 'No data');
INSERT INTO horizonapi.characters (id, slug, name, image_path, culture, gender, profession, status, eyes_color, hair_color, birth_date, death_date) VALUES (54, 'itamen', 'Itamen', 'itamen.png', 'Carja', 'Male', 'Scholar', 'Alive', 'Brown', 'No data', 'c. 3032', 'No data');
INSERT INTO horizonapi.characters (id, slug, name, image_path, culture, gender, profession, status, eyes_color, hair_color, birth_date, death_date) VALUES (55, 'jahamin', 'Jahamin', 'jahamin.png', 'Carja', 'Male', 'No data', 'Alive', 'Brown', 'Brown (HZDR)Grey (HZD)', 'No data', 'No data');
INSERT INTO horizonapi.characters (id, slug, name, image_path, culture, gender, profession, status, eyes_color, hair_color, birth_date, death_date) VALUES (56, 'janeva', 'Janeva', 'janeva.png', 'Carja', 'No data', 'Soldier', 'No data', 'Grey', 'Brown', 'No data', 'No data');
INSERT INTO horizonapi.characters (id, slug, name, image_path, culture, gender, profession, status, eyes_color, hair_color, birth_date, death_date) VALUES (57, 'jarg', 'Jarg', 'jarg.png', 'Nora', 'Male', 'No data', 'Alive', 'No data', 'No data', 'No data', 'No data');
INSERT INTO horizonapi.characters (id, slug, name, image_path, culture, gender, profession, status, eyes_color, hair_color, birth_date, death_date) VALUES (58, 'jarm', 'Jarm', 'jarm.png', 'Nora', 'Male', 'No data', 'Alive', 'No data', 'No data', 'No data', 'No data');
INSERT INTO horizonapi.characters (id, slug, name, image_path, culture, gender, profession, status, eyes_color, hair_color, birth_date, death_date) VALUES (59, 'jezza', 'Jezza', 'jezza.png', 'Nora', 'Female', 'No data', 'Alive', 'Brown', 'Grey', 'No data', 'No data');
INSERT INTO horizonapi.characters (id, slug, name, image_path, culture, gender, profession, status, eyes_color, hair_color, birth_date, death_date) VALUES (60, 'jom', 'Jom', 'jom.png', 'Nora', 'Male', 'No data', 'Alive', 'No data', 'No data', 'No data', 'No data');
INSERT INTO horizonapi.characters (id, slug, name, image_path, culture, gender, profession, status, eyes_color, hair_color, birth_date, death_date) VALUES (61, 'jorgriz', 'Jorgriz', 'jorgriz.png', 'Oseram', 'Male', 'Hunter', 'Alive', 'No data', 'No data', 'No data', 'No data');
INSERT INTO horizonapi.characters (id, slug, name, image_path, culture, gender, profession, status, eyes_color, hair_color, birth_date, death_date) VALUES (62, 'jun', 'Jun', 'jun.png', 'Nora', 'Male', 'Alchemist', 'Alive', 'No data', 'No data', 'No data', 'No data');
INSERT INTO horizonapi.characters (id, slug, name, image_path, culture, gender, profession, status, eyes_color, hair_color, birth_date, death_date) VALUES (63, 'juwan', 'Juwan', 'juwan.png', 'Carja', 'Male', 'Steward', 'Alive', 'No data', 'No data', 'No data', 'No data');
INSERT INTO horizonapi.characters (id, slug, name, image_path, culture, gender, profession, status, eyes_color, hair_color, birth_date, death_date) VALUES (64, 'kaeluf', 'Kaeluf', 'kaeluf.png', 'Oseram', 'Male', 'Guard', 'Alive', 'No data', 'No data', 'No data', 'No data');
INSERT INTO horizonapi.characters (id, slug, name, image_path, culture, gender, profession, status, eyes_color, hair_color, birth_date, death_date) VALUES (65, 'karst', 'Karst', 'karst.png', 'Nora', 'Male', 'Merchant', 'Deceased', 'Blue', 'Brown', 'No data', '3040');
INSERT INTO horizonapi.characters (id, slug, name, image_path, culture, gender, profession, status, eyes_color, hair_color, birth_date, death_date) VALUES (66, 'keadi', 'Keadi', 'keadi.png', 'Carja', 'Female', 'Trader', 'Alive', 'No data', 'No data', 'No data', 'No data');
INSERT INTO horizonapi.characters (id, slug, name, image_path, culture, gender, profession, status, eyes_color, hair_color, birth_date, death_date) VALUES (67, 'kendert', 'Kendert', 'kendert.png', 'Oseram', 'Male', 'Brewer', 'Alive', 'No data', 'No data', 'No data', 'No data');
INSERT INTO horizonapi.characters (id, slug, name, image_path, culture, gender, profession, status, eyes_color, hair_color, birth_date, death_date) VALUES (68, 'kikuk', 'Kikuk', 'kikuk.png', 'Banuk', 'Male', 'MercenaryShaman-in-Training', 'Deceased', 'No data', 'No data', 'No data', '3040');
INSERT INTO horizonapi.characters (id, slug, name, image_path, culture, gender, profession, status, eyes_color, hair_color, birth_date, death_date) VALUES (69, 'kimik', 'Kimik', 'kimik.png', 'Banuk', 'Male', 'Hunter', 'No data', 'Brown', 'Brown', 'No data', 'No data');
INSERT INTO horizonapi.characters (id, slug, name, image_path, culture, gender, profession, status, eyes_color, hair_color, birth_date, death_date) VALUES (70, 'kindiv', 'Kindiv', 'kindiv.png', 'Carja', 'Male', 'Chamberlain', 'Alive', 'No data', 'No data', 'No data', 'No data');
INSERT INTO horizonapi.characters (id, slug, name, image_path, culture, gender, profession, status, eyes_color, hair_color, birth_date, death_date) VALUES (71, 'korduf', 'Korduf', 'korduf.png', 'Oseram', 'Male', 'Hunter', 'Alive', 'No data', 'No data', 'No data', 'No data');
INSERT INTO horizonapi.characters (id, slug, name, image_path, culture, gender, profession, status, eyes_color, hair_color, birth_date, death_date) VALUES (72, 'kudiv', 'Kudiv', 'kudiv.png', 'Carja', 'Male', 'Merchant', 'Alive', 'Brown', 'Black', 'No data', 'No data');
INSERT INTO horizonapi.characters (id, slug, name, image_path, culture, gender, profession, status, eyes_color, hair_color, birth_date, death_date) VALUES (73, 'kurnst', 'Kurnst', 'kurnst.png', 'Nora', 'Male', 'No data', 'Alive', 'No data', 'No data', 'No data', 'No data');
INSERT INTO horizonapi.characters (id, slug, name, image_path, culture, gender, profession, status, eyes_color, hair_color, birth_date, death_date) VALUES (74, 'lahavis', 'Lahavis', 'lahavis.png', 'Carja', 'Male', 'No data', 'Alive', 'No data', 'No data', 'No data', 'No data');
INSERT INTO horizonapi.characters (id, slug, name, image_path, culture, gender, profession, status, eyes_color, hair_color, birth_date, death_date) VALUES (75, 'lakhir', 'Lakhir', 'lakhir.png', 'Carja', 'Male', 'Guard', 'Alive', 'No data', 'No data', 'No data', 'No data');
INSERT INTO horizonapi.characters (id, slug, name, image_path, culture, gender, profession, status, eyes_color, hair_color, birth_date, death_date) VALUES (76, 'lansra', 'Lansra', 'lansra.png', 'Nora', 'Female', 'No data', 'Alive', 'No data', 'Grey', 'No data', 'No data');
INSERT INTO horizonapi.characters (id, slug, name, image_path, culture, gender, profession, status, eyes_color, hair_color, birth_date, death_date) VALUES (77, 'lena', 'Lena', 'lena.png', 'No data', 'Female', 'No data', 'No data', 'No data', 'No data', 'c. early 2310', 'No data');
INSERT INTO horizonapi.characters (id, slug, name, image_path, culture, gender, profession, status, eyes_color, hair_color, birth_date, death_date) VALUES (78, 'ligan', 'Ligan', 'ligan.png', 'Carja', 'Male', 'No data', 'Alive', 'No data', 'No data', 'No data', 'No data');
INSERT INTO horizonapi.characters (id, slug, name, image_path, culture, gender, profession, status, eyes_color, hair_color, birth_date, death_date) VALUES (79, 'loha', 'Loha', 'loha.png', 'Nora', 'Female', 'No data', 'Alive', 'No data', 'No data', 'No data', 'No data');
INSERT INTO horizonapi.characters (id, slug, name, image_path, culture, gender, profession, status, eyes_color, hair_color, birth_date, death_date) VALUES (80, 'lorund', 'Lorund', 'lorund.png', 'Oseram', 'Male', 'Trader', 'Alive', 'Green', 'Brown', 'No data', 'No data');
INSERT INTO horizonapi.characters (id, slug, name, image_path, culture, gender, profession, status, eyes_color, hair_color, birth_date, death_date) VALUES (81, 'lubavad', 'Lubavad', 'lubavad.png', 'Carja', 'Male', 'Trader', 'Alive', 'No data', 'No data', 'No data', 'No data');
INSERT INTO horizonapi.characters (id, slug, name, image_path, culture, gender, profession, status, eyes_color, hair_color, birth_date, death_date) VALUES (82, 'lut', 'Lut', 'lut.png', 'Nora', 'Male', 'Hunter', 'Alive', 'No data', 'No data', 'No data', 'No data');
INSERT INTO horizonapi.characters (id, slug, name, image_path, culture, gender, profession, status, eyes_color, hair_color, birth_date, death_date) VALUES (83, 'machine-resources-merchant', 'Machine Resources Merchant', 'machine-resources-merchant.png', 'Carja', 'Female', 'MerchantScholar', 'Alive', 'No data', 'No data', 'No data', 'No data');
INSERT INTO horizonapi.characters (id, slug, name, image_path, culture, gender, profession, status, eyes_color, hair_color, birth_date, death_date) VALUES (84, 'malesh', 'Malesh', 'malesh.png', 'Carja', 'Male', 'Hunter', 'Alive', 'No data', 'No data', 'No data', 'No data');
INSERT INTO horizonapi.characters (id, slug, name, image_path, culture, gender, profession, status, eyes_color, hair_color, birth_date, death_date) VALUES (85, 'marad', 'Marad', 'marad.png', 'Carja', 'Male', 'Sun-King''s Advisor', 'Alive', 'No data', 'No data', 'No data', 'No data');
INSERT INTO horizonapi.characters (id, slug, name, image_path, culture, gender, profession, status, eyes_color, hair_color, birth_date, death_date) VALUES (86, 'marea', 'Marea', 'marea.png', 'Nora', 'Female', 'No data', 'Deceased', 'Hazel', 'Brown', 'Prior to 3021', '3040');
INSERT INTO horizonapi.characters (id, slug, name, image_path, culture, gender, profession, status, eyes_color, hair_color, birth_date, death_date) VALUES (87, 'marzavid', 'Marzavid', 'marzavid.png', 'Carja', 'Male', 'Trader', 'Alive', 'Brown', 'Black', 'No data', 'No data');
INSERT INTO horizonapi.characters (id, slug, name, image_path, culture, gender, profession, status, eyes_color, hair_color, birth_date, death_date) VALUES (88, 'menuf', 'Menuf', 'menuf.png', 'Oseram', 'Male', 'No data', 'Alive', 'Gray', 'Brown', 'No data', 'No data');
INSERT INTO horizonapi.characters (id, slug, name, image_path, culture, gender, profession, status, eyes_color, hair_color, birth_date, death_date) VALUES (89, 'multiservitor-b1-23', 'Multiservitor B1-23', 'multiservitor-b1-23.png', 'No data', 'No data', 'Multiservitor', 'No data', 'No data', 'No data', 'No data', 'No data');
INSERT INTO horizonapi.characters (id, slug, name, image_path, culture, gender, profession, status, eyes_color, hair_color, birth_date, death_date) VALUES (90, 'muns', 'Muns', 'muns.png', 'Nora', 'Male', 'No data', 'Alive', 'No data', 'No data', 'c. 3020 or earlier', 'No data');
INSERT INTO horizonapi.characters (id, slug, name, image_path, culture, gender, profession, status, eyes_color, hair_color, birth_date, death_date) VALUES (91, 'mystery-boxes-merchant', 'Mystery Boxes Merchant', 'mystery-boxes-merchant.png', 'Oseram', 'Male', 'Merchant', 'Alive', 'Black', 'Brown', 'No data', 'No data');
INSERT INTO horizonapi.characters (id, slug, name, image_path, culture, gender, profession, status, eyes_color, hair_color, birth_date, death_date) VALUES (92, 'nakoa', 'Nakoa', 'nakoa.png', 'Nora', 'Female', 'No data', 'Alive', 'No data', 'No data', 'c. 3020 or earlier', 'No data');
INSERT INTO horizonapi.characters (id, slug, name, image_path, culture, gender, profession, status, eyes_color, hair_color, birth_date, death_date) VALUES (93, 'namman', 'Namman', 'namman.png', 'Carja', 'Male', 'No data', 'Alive', 'Light Brown', 'Brown', 'No data', 'No data');
INSERT INTO horizonapi.characters (id, slug, name, image_path, culture, gender, profession, status, eyes_color, hair_color, birth_date, death_date) VALUES (94, 'nasadi', 'Nasadi', 'nasadi.png', 'Carja', 'Female', 'No data', 'Alive', 'Brown', 'Brown', 'No data', 'No data');
INSERT INTO horizonapi.characters (id, slug, name, image_path, culture, gender, profession, status, eyes_color, hair_color, birth_date, death_date) VALUES (95, 'nasan', 'Nasan', 'nasan.png', 'Carja', 'Male', 'No data', 'Alive', 'No data', 'No data', 'No data', 'No data');
INSERT INTO horizonapi.characters (id, slug, name, image_path, culture, gender, profession, status, eyes_color, hair_color, birth_date, death_date) VALUES (96, 'nil', 'Nil', 'nil.png', 'Carja', 'Male', 'RacerSoldier (formerly)', 'Alive', 'Gray', 'Black', 'No data', 'No data');
INSERT INTO horizonapi.characters (id, slug, name, image_path, culture, gender, profession, status, eyes_color, hair_color, birth_date, death_date) VALUES (97, 'nukoni', 'Nukoni', 'nukoni.png', 'Banuk', 'Female', 'Hunter', 'No data', 'No data', 'No data', 'No data', 'No data');
INSERT INTO horizonapi.characters (id, slug, name, image_path, culture, gender, profession, status, eyes_color, hair_color, birth_date, death_date) VALUES (98, 'nulat', 'Nulat', 'nulat.png', 'Banuk', 'Female', 'Mercenary', 'Deceased', 'No data', 'No data', 'No data', '3040');
INSERT INTO horizonapi.characters (id, slug, name, image_path, culture, gender, profession, status, eyes_color, hair_color, birth_date, death_date) VALUES (99, 'odund', 'Odund', 'odund.png', 'Oseram', 'Male', 'Mercenary', 'Deceased', 'Brown', 'Black', 'No data', '3040');
INSERT INTO horizonapi.characters (id, slug, name, image_path, culture, gender, profession, status, eyes_color, hair_color, birth_date, death_date) VALUES (100, 'olara', 'Olara', 'olara.png', 'Nora', 'Female', 'No data', 'Alive', 'No data', 'No data', 'No data', 'No data');
INSERT INTO horizonapi.characters (id, slug, name, image_path, culture, gender, profession, status, eyes_color, hair_color, birth_date, death_date) VALUES (101, 'olin-delverson', 'Olin Delverson', 'olin-delverson.png', 'Oseram', 'Male', 'ScoutScrounger', 'Determinant', 'Brown', 'Brown', 'No data', '3040');
INSERT INTO horizonapi.characters (id, slug, name, image_path, culture, gender, profession, status, eyes_color, hair_color, birth_date, death_date) VALUES (102, 'olins-son', 'Olin''s Son', 'olins-son.png', 'Carja/Oseram', 'Male', 'No data', 'Alive', 'No data', 'No data', 'No data', 'No data');
INSERT INTO horizonapi.characters (id, slug, name, image_path, culture, gender, profession, status, eyes_color, hair_color, birth_date, death_date) VALUES (103, 'omas', 'Omas', 'omas.png', 'Carja', 'Male', 'FarmerScholar', 'Determinant', 'No data', 'No data', 'No data', '3040 Greatrun River');
INSERT INTO horizonapi.characters (id, slug, name, image_path, culture, gender, profession, status, eyes_color, hair_color, birth_date, death_date) VALUES (104, 'onnekut', 'Onnekut', 'onnekut.png', 'Banuk', 'Male', 'No data', 'No data', 'No data', 'No data', 'No data', 'No data');
INSERT INTO horizonapi.characters (id, slug, name, image_path, culture, gender, profession, status, eyes_color, hair_color, birth_date, death_date) VALUES (105, 'opitak', 'Opitak', 'opitak.png', 'Banuk', 'Male', 'No data', 'Alive', 'No data', 'No data', 'No data', 'No data');
INSERT INTO horizonapi.characters (id, slug, name, image_path, culture, gender, profession, status, eyes_color, hair_color, birth_date, death_date) VALUES (106, 'orn', 'Orn', 'orn.png', 'Nora', 'Male', 'Sentry', 'Alive', 'Green', 'Brown', 'No data', 'No data');
INSERT INTO horizonapi.characters (id, slug, name, image_path, culture, gender, profession, status, eyes_color, hair_color, birth_date, death_date) VALUES (107, 'palas', 'Palas', 'palas.png', 'Carja', 'Male', 'Merchant', 'Alive', 'Brown', 'Brown', 'No data', 'No data');
INSERT INTO horizonapi.characters (id, slug, name, image_path, culture, gender, profession, status, eyes_color, hair_color, birth_date, death_date) VALUES (108, 'palaved', 'Palaved', 'palaved.png', 'Carja', 'Male', 'Hunter', 'Alive', 'No data', 'No data', 'No data', 'No data');
INSERT INTO horizonapi.characters (id, slug, name, image_path, culture, gender, profession, status, eyes_color, hair_color, birth_date, death_date) VALUES (109, 'petra-forgewoman', 'Petra Forgewoman', 'petra-forgewoman.png', 'Oseram', 'Female', 'Inventor', 'No data', 'Brown', 'Brown', 'Before 3021', 'No data');
INSERT INTO horizonapi.characters (id, slug, name, image_path, culture, gender, profession, status, eyes_color, hair_color, birth_date, death_date) VALUES (110, 'quarry-foreman', 'Quarry Foreman', 'quarry-foreman.png', 'Carja', 'Male', 'Miner', 'Alive', 'No data', 'No data', 'No data', 'No data');
INSERT INTO horizonapi.characters (id, slug, name, image_path, culture, gender, profession, status, eyes_color, hair_color, birth_date, death_date) VALUES (111, 'ralert', 'Ralert', 'ralert.png', 'Oseram', 'Male', 'No data', 'Alive', 'No data', 'No data', 'No data', 'No data');
INSERT INTO horizonapi.characters (id, slug, name, image_path, culture, gender, profession, status, eyes_color, hair_color, birth_date, death_date) VALUES (112, 'ranaman', 'Ranaman', 'ranaman.png', 'Carja', 'Male', 'No data', 'No data', 'Light Brown', 'Black', 'No data', 'No data');
INSERT INTO horizonapi.characters (id, slug, name, image_path, culture, gender, profession, status, eyes_color, hair_color, birth_date, death_date) VALUES (113, 'ranin', 'Ranin', 'ranin.png', 'Carja', 'Male', 'Trader', 'Alive', 'No data', 'No data', 'No data', 'No data');
INSERT INTO horizonapi.characters (id, slug, name, image_path, culture, gender, profession, status, eyes_color, hair_color, birth_date, death_date) VALUES (114, 'rasgrund', 'Rasgrund', 'rasgrund.png', 'Oseram', 'Male', 'No data', 'No data', 'Blue', 'Black (HZDR)Brown (HZD)', 'No data', 'No data');
INSERT INTO horizonapi.characters (id, slug, name, image_path, culture, gender, profession, status, eyes_color, hair_color, birth_date, death_date) VALUES (115, 'ravan', 'Ravan', 'ravan.png', 'Carja', 'Male', 'No data', 'Alive', 'No data', 'No data', 'No data', 'No data');
INSERT INTO horizonapi.characters (id, slug, name, image_path, culture, gender, profession, status, eyes_color, hair_color, birth_date, death_date) VALUES (116, 'rea', 'Rea', 'rea.png', 'Utaru', 'Female', 'Pilgrim', 'Alive', 'No data', 'No data', 'No data', 'No data');
INSERT INTO horizonapi.characters (id, slug, name, image_path, culture, gender, profession, status, eyes_color, hair_color, birth_date, death_date) VALUES (117, 'resh', 'Resh', 'resh.png', 'Nora', 'Male', 'No data', 'Alive', 'No data', 'Black (graying)', 'No data', 'No data');
INSERT INTO horizonapi.characters (id, slug, name, image_path, culture, gender, profession, status, eyes_color, hair_color, birth_date, death_date) VALUES (118, 'rokasha', 'Rokasha', 'rokasha.png', 'Carja', 'Female', 'No data', 'Alive', 'No data', 'No data', 'No data', 'No data');
INSERT INTO horizonapi.characters (id, slug, name, image_path, culture, gender, profession, status, eyes_color, hair_color, birth_date, death_date) VALUES (119, 'shahavad', 'Shahavad', 'shahavad.png', 'Carja', 'Male', 'Trader', 'Alive', 'No data', 'No data', 'No data', 'No data');
INSERT INTO horizonapi.characters (id, slug, name, image_path, culture, gender, profession, status, eyes_color, hair_color, birth_date, death_date) VALUES (120, 'shianah', 'Shianah', 'shianah.png', 'No data', 'Female', 'No data', 'Alive', 'No data', 'No data', 'No data', 'No data');
INSERT INTO horizonapi.characters (id, slug, name, image_path, culture, gender, profession, status, eyes_color, hair_color, birth_date, death_date) VALUES (121, 'shivin', 'Shivin', 'shivin.png', 'Shadow Carja', 'Male', 'Guard', 'Deceased', 'No data', 'No data', 'No data', '3040');
INSERT INTO horizonapi.characters (id, slug, name, image_path, culture, gender, profession, status, eyes_color, hair_color, birth_date, death_date) VALUES (122, 'siluk', 'Siluk', 'siluk.png', 'Banuk', 'Male', 'No data', 'Alive', 'No data', 'No data', 'No data', 'No data');
INSERT INTO horizonapi.characters (id, slug, name, image_path, culture, gender, profession, status, eyes_color, hair_color, birth_date, death_date) VALUES (123, 'solai', 'Solai', 'solai.png', 'Nora', 'Female', 'No data', 'Alive', 'No data', 'No data', 'No data', 'No data');
INSERT INTO horizonapi.characters (id, slug, name, image_path, culture, gender, profession, status, eyes_color, hair_color, birth_date, death_date) VALUES (124, 'sona', 'Sona', 'sona.png', 'Nora', 'Female', 'No data', 'Alive', 'Brown', 'Black (greying)', 'No data', 'No data');
INSERT INTO horizonapi.characters (id, slug, name, image_path, culture, gender, profession, status, eyes_color, hair_color, birth_date, death_date) VALUES (125, 'spurflints-keeper', 'Spurflints Keeper', 'spurflints-keeper.png', 'Carja', 'Male', 'Hunter', 'Alive', 'No data', 'No data', 'No data', 'No data');
INSERT INTO horizonapi.characters (id, slug, name, image_path, culture, gender, profession, status, eyes_color, hair_color, birth_date, death_date) VALUES (126, 'sun-furrows-keeper', 'Sun Furrows Keeper', 'sun-furrows-keeper.png', 'Carja', 'Male', 'Hunter', 'Alive', 'No data', 'No data', 'No data', 'No data');
INSERT INTO horizonapi.characters (id, slug, name, image_path, culture, gender, profession, status, eyes_color, hair_color, birth_date, death_date) VALUES (127, 'sylens', 'Sylens', 'sylens.png', 'Banuk (disputed)', 'Male', 'No data', 'Alive', 'Brown', 'No data', 'No data', 'No data');
INSERT INTO horizonapi.characters (id, slug, name, image_path, culture, gender, profession, status, eyes_color, hair_color, birth_date, death_date) VALUES (128, 'taim', 'Taim', 'taim.png', 'Nora', 'Male', 'Hunter', 'Alive', 'No data', 'No data', 'No data', 'No data');
INSERT INTO horizonapi.characters (id, slug, name, image_path, culture, gender, profession, status, eyes_color, hair_color, birth_date, death_date) VALUES (129, 'talanah-khane-padish', 'Talanah Khane Padish', 'talanah-khane-padish.png', 'Carja', 'Female', 'Hunter', 'Alive', 'Amber', 'Black', 'No data', 'No data');
INSERT INTO horizonapi.characters (id, slug, name, image_path, culture, gender, profession, status, eyes_color, hair_color, birth_date, death_date) VALUES (130, 'tarav', 'Tarav', 'tarav.png', 'Shadow Carja', 'Male', 'Guard', 'Deceased', 'No data', 'No data', 'No data', '3040');
INSERT INTO horizonapi.characters (id, slug, name, image_path, culture, gender, profession, status, eyes_color, hair_color, birth_date, death_date) VALUES (131, 'teb', 'Teb', 'teb.png', 'Nora', 'Male', 'Stitcher', 'Alive', 'No data', 'No data', '3010 or earlier', 'No data');
INSERT INTO horizonapi.characters (id, slug, name, image_path, culture, gender, profession, status, eyes_color, hair_color, birth_date, death_date) VALUES (132, 'tebs-father', 'Teb''s father', 'tebs-father.png', 'Nora', 'Male', 'No data', 'No data', 'No data', 'No data', 'No data', 'No data');
INSERT INTO horizonapi.characters (id, slug, name, image_path, culture, gender, profession, status, eyes_color, hair_color, birth_date, death_date) VALUES (133, 'ted-faro', 'Ted Faro', 'ted-faro.png', 'Old Ones (American)', 'Male', 'No data', 'Deceased', 'Brown', 'Brown', 'December 24, 2013 Salt Lake', '3041');
INSERT INTO horizonapi.characters (id, slug, name, image_path, culture, gender, profession, status, eyes_color, hair_color, birth_date, death_date) VALUES (134, 'teersa', 'Teersa', 'teersa.png', 'Nora', 'Female', 'No data', 'Alive', 'Grey', 'Grey', 'No data', 'No data');
INSERT INTO horizonapi.characters (id, slug, name, image_path, culture, gender, profession, status, eyes_color, hair_color, birth_date, death_date) VALUES (135, 'thiran', 'Thiran', 'thiran.png', 'Shadow Carja', 'Male', 'No data', 'Unknown (presumably deceased)', 'No data', 'No data', 'No data', 'No data');
INSERT INTO horizonapi.characters (id, slug, name, image_path, culture, gender, profession, status, eyes_color, hair_color, birth_date, death_date) VALUES (136, 'thok', 'Thok', 'thok.png', 'Nora', 'Male', 'No data', 'Alive', 'Hazel', 'Brown', 'No data', 'No data');
INSERT INTO horizonapi.characters (id, slug, name, image_path, culture, gender, profession, status, eyes_color, hair_color, birth_date, death_date) VALUES (137, 'three-toe-huadiv', 'Three-Toe Huadiv', 'three-toe-huadiv.png', 'Carja', 'Male', 'Bounty Hunter', 'Alive', 'No data', 'No data', 'No data', 'No data');
INSERT INTO horizonapi.characters (id, slug, name, image_path, culture, gender, profession, status, eyes_color, hair_color, birth_date, death_date) VALUES (138, 'tikuk', 'Tikuk', 'tikuk.png', 'Banuk', 'Male', 'No data', 'Alive', 'No data', 'Black', 'No data', 'No data');
INSERT INTO horizonapi.characters (id, slug, name, image_path, culture, gender, profession, status, eyes_color, hair_color, birth_date, death_date) VALUES (139, 'tufanah', 'Tufanah', 'tufanah.png', 'Carja', 'Female', 'Hunter', 'Alive', 'No data', 'No data', 'No data', 'No data');
INSERT INTO horizonapi.characters (id, slug, name, image_path, culture, gender, profession, status, eyes_color, hair_color, birth_date, death_date) VALUES (140, 'ukan', 'Ukan', 'ukan.png', 'Banuk', 'Male', 'Hunter', 'Alive', 'No data', 'No data', 'No data', 'No data');
INSERT INTO horizonapi.characters (id, slug, name, image_path, culture, gender, profession, status, eyes_color, hair_color, birth_date, death_date) VALUES (141, 'ullia', 'Ullia', 'ullia.png', 'Tenakth', 'Female', 'Bandit', 'Deceased', 'No data', 'No data', 'No data', '3040');
INSERT INTO horizonapi.characters (id, slug, name, image_path, culture, gender, profession, status, eyes_color, hair_color, birth_date, death_date) VALUES (142, 'uthid', 'Uthid', 'uthid.png', 'Carja', 'Male', 'Soldier', 'Alive', 'No data', 'No data', 'No data', 'No data');
INSERT INTO horizonapi.characters (id, slug, name, image_path, culture, gender, profession, status, eyes_color, hair_color, birth_date, death_date) VALUES (143, 'vala', 'Vala', 'vala.png', 'Nora', 'Female', 'No data', 'Deceased', 'Brown', 'Brown', 'c. 3021', '3039');
INSERT INTO horizonapi.characters (id, slug, name, image_path, culture, gender, profession, status, eyes_color, hair_color, birth_date, death_date) VALUES (144, 'valleymeet-keeper', 'Valleymeet Keeper', 'valleymeet-keeper.png', 'Carja', 'Male', 'Hunter', 'Alive', 'No data', 'No data', 'No data', 'No data');
INSERT INTO horizonapi.characters (id, slug, name, image_path, culture, gender, profession, status, eyes_color, hair_color, birth_date, death_date) VALUES (145, 'vanasha', 'Vanasha', 'vanasha.png', 'Carja', 'Female', 'SpyNasadi''s HandmaidenNanny', 'Alive', 'Brown', 'Black', 'No data', 'No data');
INSERT INTO horizonapi.characters (id, slug, name, image_path, culture, gender, profession, status, eyes_color, hair_color, birth_date, death_date) VALUES (146, 'varl', 'Varl', 'varl.png', 'Nora', 'Male', 'No data', 'Deceased', 'No data', 'No data', 'c. 3014/3015', '3041');
INSERT INTO horizonapi.characters (id, slug, name, image_path, culture, gender, profession, status, eyes_color, hair_color, birth_date, death_date) VALUES (147, 'vashad', 'Vashad', 'vashad.png', 'Carja', 'Male', 'Farmer', 'Determinant', 'No data', 'No data', 'No data', '3040 Greatrun River');
INSERT INTO horizonapi.characters (id, slug, name, image_path, culture, gender, profession, status, eyes_color, hair_color, birth_date, death_date) VALUES (148, 'vilgund', 'Vilgund', 'vilgund.png', 'Oseram', 'Male', 'Gambler', 'Alive', 'Brown', 'Blonde', 'No data', 'No data');
INSERT INTO horizonapi.characters (id, slug, name, image_path, culture, gender, profession, status, eyes_color, hair_color, birth_date, death_date) VALUES (149, 'walid', 'Walid', 'walid.png', 'Carja', 'Male', 'Guard', 'Alive', 'No data', 'No data', 'No data', 'No data');
INSERT INTO horizonapi.characters (id, slug, name, image_path, culture, gender, profession, status, eyes_color, hair_color, birth_date, death_date) VALUES (150, 'yan', 'Yan', 'yan.png', 'Nora', 'Male', 'No data', 'Alive', 'Hazel', 'Brown (HZDR)Dark Blonde (HZD)', 'No data', 'No data');
INSERT INTO horizonapi.characters (id, slug, name, image_path, culture, gender, profession, status, eyes_color, hair_color, birth_date, death_date) VALUES (151, 'yun', 'Yun', 'yun.png', 'Nora', 'Male', 'Mercenary', 'Alive', 'No data', 'No data', 'No data', 'No data');
INSERT INTO horizonapi.characters (id, slug, name, image_path, culture, gender, profession, status, eyes_color, hair_color, birth_date, death_date) VALUES (152, 'yusis', 'Yusis', 'yusis.png', 'Shadow Carja', 'Male', 'Guard', 'Deceased', 'No data', 'No data', 'No data', '3040');
INSERT INTO horizonapi.characters (id, slug, name, image_path, culture, gender, profession, status, eyes_color, hair_color, birth_date, death_date) VALUES (153, 'zaid', 'Zaid', 'zaid.png', 'Carja', 'Male', 'No data', 'Deceased', 'Brown', 'Black', 'No data', '3040');
INSERT INTO horizonapi.characters (id, slug, name, image_path, culture, gender, profession, status, eyes_color, hair_color, birth_date, death_date) VALUES (154, 'anita-sandoval', 'Anita Sandoval', 'anita-sandoval.png', 'Old Ones', 'Female', 'No data', 'No data', 'No data', 'No data', 'No data', 'No data');
INSERT INTO horizonapi.characters (id, slug, name, image_path, culture, gender, profession, status, eyes_color, hair_color, birth_date, death_date) VALUES (155, 'anutai', 'Anutai', 'anutai.png', 'Banuk', 'Female', 'No data', 'Deceased', 'No data', 'No data', 'No data', '3040');
INSERT INTO horizonapi.characters (id, slug, name, image_path, culture, gender, profession, status, eyes_color, hair_color, birth_date, death_date) VALUES (156, 'aratak', 'Aratak', 'aratak.png', 'Banuk', 'Male', 'No data', 'Alive', 'No data', 'No data', 'Unknown', 'No data');
INSERT INTO horizonapi.characters (id, slug, name, image_path, culture, gender, profession, status, eyes_color, hair_color, birth_date, death_date) VALUES (157, 'aujak', 'Aujak', 'aujak.png', 'Banuk', 'Male', 'No data', 'Alive', 'No data', 'No data', 'No data', 'No data');
INSERT INTO horizonapi.characters (id, slug, name, image_path, culture, gender, profession, status, eyes_color, hair_color, birth_date, death_date) VALUES (158, 'burgrend', 'Burgrend', 'burgrend.png', 'Oseram', 'Male', 'Trader', 'Alive', 'Hazel', 'Black', 'No data', 'No data');
INSERT INTO horizonapi.characters (id, slug, name, image_path, culture, gender, profession, status, eyes_color, hair_color, birth_date, death_date) VALUES (159, 'cyan', 'CYAN', 'cyan.png', 'No data', 'Female', 'Artificial Intelligence', 'Active', 'No data', 'No data', 'No data', 'No data');
INSERT INTO horizonapi.characters (id, slug, name, image_path, culture, gender, profession, status, eyes_color, hair_color, birth_date, death_date) VALUES (160, 'dod-blevins', 'Dod Blevins', 'dod-blevins.png', 'No data', 'Male', 'No data', 'Deceased', 'No data', 'No data', 'No data', '2046');
INSERT INTO horizonapi.characters (id, slug, name, image_path, culture, gender, profession, status, eyes_color, hair_color, birth_date, death_date) VALUES (161, 'enjuk', 'Enjuk', 'enjuk.png', 'Banuk', 'Male', 'No data', 'Alive', 'No data', 'No data', 'No data', 'No data');
INSERT INTO horizonapi.characters (id, slug, name, image_path, culture, gender, profession, status, eyes_color, hair_color, birth_date, death_date) VALUES (162, 'furahni', 'Furahni', 'furahni.png', 'Carja', 'Female', 'No data', 'Alive', 'No data', 'No data', 'No data', 'No data');
INSERT INTO horizonapi.characters (id, slug, name, image_path, culture, gender, profession, status, eyes_color, hair_color, birth_date, death_date) VALUES (163, 'garun', 'Garun', 'garun.png', 'Oseram', 'No data', 'No data', 'No data', 'No data', 'No data', 'No data', 'No data');
INSERT INTO horizonapi.characters (id, slug, name, image_path, culture, gender, profession, status, eyes_color, hair_color, birth_date, death_date) VALUES (164, 'gildun', 'Gildun', 'gildun.png', 'Oseram', 'Male', 'Delver', 'Alive', 'Blue', 'No data', 'No data', 'No data');
INSERT INTO horizonapi.characters (id, slug, name, image_path, culture, gender, profession, status, eyes_color, hair_color, birth_date, death_date) VALUES (165, 'gina-bruno', 'Gina Bruno', 'gina-bruno.png', 'No data', 'Female', 'No data', 'Deceased', 'No data', 'No data', 'No data', 'No data');
INSERT INTO horizonapi.characters (id, slug, name, image_path, culture, gender, profession, status, eyes_color, hair_color, birth_date, death_date) VALUES (166, 'hishavan', 'Hishavan', 'hishavan.png', 'Carja', 'Male', 'No data', 'Alive', 'No data', 'No data', 'No data', 'No data');
INSERT INTO horizonapi.characters (id, slug, name, image_path, culture, gender, profession, status, eyes_color, hair_color, birth_date, death_date) VALUES (167, 'ikrie', 'Ikrie', 'ikrie.png', 'Banuk', 'Female', 'No data', 'Alive', 'Blue', 'No data', 'No data', 'No data');
INSERT INTO horizonapi.characters (id, slug, name, image_path, culture, gender, profession, status, eyes_color, hair_color, birth_date, death_date) VALUES (168, 'inatut', 'Inatut', 'inatut.png', 'Banuk', 'Male', 'No data', 'Alive', 'Blue', 'Dark Blonde', 'No data', 'No data');
INSERT INTO horizonapi.characters (id, slug, name, image_path, culture, gender, profession, status, eyes_color, hair_color, birth_date, death_date) VALUES (169, 'joshua-ardhuis', 'Joshua Ardhuis', 'joshua-ardhuis.png', 'Old Ones', 'Male', 'No data', 'No data', 'No data', 'No data', 'No data', 'No data');
INSERT INTO horizonapi.characters (id, slug, name, image_path, culture, gender, profession, status, eyes_color, hair_color, birth_date, death_date) VALUES (170, 'jrgen-holm', 'Jrgen Holm', 'jrgen-holm.png', 'No data', 'Male', 'No data', 'Deceased', 'No data', 'No data', 'No data', 'No data');
INSERT INTO horizonapi.characters (id, slug, name, image_path, culture, gender, profession, status, eyes_color, hair_color, birth_date, death_date) VALUES (171, 'kamut', 'Kamut', 'kamut.png', 'Banuk', 'Male', 'No data', 'Alive', 'No data', 'No data', 'No data', 'No data');
INSERT INTO horizonapi.characters (id, slug, name, image_path, culture, gender, profession, status, eyes_color, hair_color, birth_date, death_date) VALUES (172, 'kenny-chau', 'Kenny Chau', 'kenny-chau.png', 'Old Ones', 'Male', 'No data', 'Deceased', 'No data', 'No data', 'No data', 'No data');
INSERT INTO horizonapi.characters (id, slug, name, image_path, culture, gender, profession, status, eyes_color, hair_color, birth_date, death_date) VALUES (173, 'kopilai', 'Kopilai', 'kopilai.png', 'Banuk', 'Female', 'No data', 'Alive', 'No data', 'No data', 'No data', 'No data');
INSERT INTO horizonapi.characters (id, slug, name, image_path, culture, gender, profession, status, eyes_color, hair_color, birth_date, death_date) VALUES (174, 'laulai', 'Laulai', 'laulai.png', 'Banuk', 'Female', 'Drummer', 'Alive', 'No data', 'No data', 'No data', 'No data');
INSERT INTO horizonapi.characters (id, slug, name, image_path, culture, gender, profession, status, eyes_color, hair_color, birth_date, death_date) VALUES (175, 'laura-vogel', 'Laura Vogel', 'laura-vogel.png', 'No data', 'Female', 'No data', 'Deceased', 'No data', 'No data', 'No data', 'No data');
INSERT INTO horizonapi.characters (id, slug, name, image_path, culture, gender, profession, status, eyes_color, hair_color, birth_date, death_date) VALUES (176, 'lauvuk', 'Lauvuk', 'lauvuk.png', 'Banuk', 'Female', 'No data', 'Alive', 'No data', 'No data', 'No data', 'No data');
INSERT INTO horizonapi.characters (id, slug, name, image_path, culture, gender, profession, status, eyes_color, hair_color, birth_date, death_date) VALUES (177, 'mailen', 'Mailen', 'mailen.png', 'Banuk', 'Female', 'Hunter', 'Alive', 'No data', 'No data', 'No data', 'No data');
INSERT INTO horizonapi.characters (id, slug, name, image_path, culture, gender, profession, status, eyes_color, hair_color, birth_date, death_date) VALUES (178, 'naltuk', 'Naltuk', 'naltuk.png', 'Banuk', 'Male', 'No data', 'Alive', 'No data', 'No data', 'No data', 'No data');
INSERT INTO horizonapi.characters (id, slug, name, image_path, culture, gender, profession, status, eyes_color, hair_color, birth_date, death_date) VALUES (179, 'naunuk', 'Naunuk', 'naunuk.png', 'Banuk', 'Male', 'No data', 'Deceased', 'No data', 'No data', 'No data', '3040');
INSERT INTO horizonapi.characters (id, slug, name, image_path, culture, gender, profession, status, eyes_color, hair_color, birth_date, death_date) VALUES (180, 'ohlgrud-smithsson', 'Ohlgrud Smithsson', 'ohlgrud-smithsson.png', 'Oseram', 'Male', 'No data', 'No data', 'No data', 'No data', 'No data', '3040');
INSERT INTO horizonapi.characters (id, slug, name, image_path, culture, gender, profession, status, eyes_color, hair_color, birth_date, death_date) VALUES (181, 'ohtur', 'Ohtur', 'ohtur.png', 'Oseram', 'Male', 'Trader', 'Alive', 'Hazel', 'Ginger', 'No data', 'No data');
INSERT INTO horizonapi.characters (id, slug, name, image_path, culture, gender, profession, status, eyes_color, hair_color, birth_date, death_date) VALUES (182, 'opili', 'Opili', 'opili.png', 'Banuk', 'Female', 'No data', 'Alive', 'No data', 'No data', 'No data', 'No data');
INSERT INTO horizonapi.characters (id, slug, name, image_path, culture, gender, profession, status, eyes_color, hair_color, birth_date, death_date) VALUES (183, 'ourea', 'Ourea', 'ourea.png', 'Banuk', 'Female', 'No data', 'Deceased', 'No data', 'No data', 'No data', '3040');
INSERT INTO horizonapi.characters (id, slug, name, image_path, culture, gender, profession, status, eyes_color, hair_color, birth_date, death_date) VALUES (184, 'rhavid', 'Rhavid', 'rhavid.png', 'Carja', 'Male', 'Trader', 'Alive', 'No data', 'No data', '3025 or earlier', 'No data');
INSERT INTO horizonapi.characters (id, slug, name, image_path, culture, gender, profession, status, eyes_color, hair_color, birth_date, death_date) VALUES (185, 'ruatuk', 'Ruatuk', 'ruatuk.png', 'Banuk', 'Female', 'No data', 'Alive', 'No data', 'No data', 'No data', 'No data');
INSERT INTO horizonapi.characters (id, slug, name, image_path, culture, gender, profession, status, eyes_color, hair_color, birth_date, death_date) VALUES (186, 'rukul', 'Rukul', 'rukul.png', 'Banuk', 'Male', 'No data', 'Deceased', 'No data', 'No data', 'No data', '3040');
INSERT INTO horizonapi.characters (id, slug, name, image_path, culture, gender, profession, status, eyes_color, hair_color, birth_date, death_date) VALUES (187, 'ruwas', 'Ruwas', 'ruwas.png', 'Carja', 'Male', 'Hunter', 'Deceased', 'No data', 'No data', 'No data', 'No data');
INSERT INTO horizonapi.characters (id, slug, name, image_path, culture, gender, profession, status, eyes_color, hair_color, birth_date, death_date) VALUES (188, 'sekuli', 'Sekuli', 'sekuli.png', 'Banuk', 'Female', 'Painter', 'Alive', 'No data', 'No data', 'No data', 'No data');
INSERT INTO horizonapi.characters (id, slug, name, image_path, culture, gender, profession, status, eyes_color, hair_color, birth_date, death_date) VALUES (189, 'shelly-guerrera-mckenzie', 'Shelly Guerrera-McKenzie', 'shelly-guerrera-mckenzie.png', 'No data', 'Female', 'No data', 'Deceased', 'No data', 'No data', 'No data', 'No data');
INSERT INTO horizonapi.characters (id, slug, name, image_path, culture, gender, profession, status, eyes_color, hair_color, birth_date, death_date) VALUES (190, 'signutai', 'Signutai', 'signutai.png', 'Banuk', 'Male', 'No data', 'Alive', 'No data', 'No data', 'No data', 'No data');
INSERT INTO horizonapi.characters (id, slug, name, image_path, culture, gender, profession, status, eyes_color, hair_color, birth_date, death_date) VALUES (191, 'sylvester-malenowski', 'Sylvester Malenowski', 'sylvester-malenowski.png', 'Old Ones', 'Male', 'No data', 'Deceased', 'No data', 'No data', 'No data', 'No data');
INSERT INTO horizonapi.characters (id, slug, name, image_path, culture, gender, profession, status, eyes_color, hair_color, birth_date, death_date) VALUES (192, 'tatai', 'Tatai', 'tatai.png', 'Banuk', 'Female', 'No data', 'No data', 'No data', 'No data', 'No data', 'No data');
INSERT INTO horizonapi.characters (id, slug, name, image_path, culture, gender, profession, status, eyes_color, hair_color, birth_date, death_date) VALUES (193, 'tulemak', 'Tulemak', 'tulemak.png', 'Banuk', 'Male', 'No data', 'No data', 'No data', 'No data', 'No data', 'No data');
INSERT INTO horizonapi.characters (id, slug, name, image_path, culture, gender, profession, status, eyes_color, hair_color, birth_date, death_date) VALUES (194, 'umnak', 'Umnak', 'umnak.png', 'Banuk', 'Male', 'Hunter', 'Alive', 'No data', 'No data', 'No data', 'No data');
INSERT INTO horizonapi.characters (id, slug, name, image_path, culture, gender, profession, status, eyes_color, hair_color, birth_date, death_date) VALUES (195, 'urkai', 'Urkai', 'urkai.png', 'Banuk', 'Male', 'No data', 'Alive', 'No data', 'No data', 'No data', 'No data');
INSERT INTO horizonapi.characters (id, slug, name, image_path, culture, gender, profession, status, eyes_color, hair_color, birth_date, death_date) VALUES (196, 'varga', 'Varga', 'varga.png', 'Oseram', 'Female', 'Tinker', 'Alive', 'Brown', 'Black', 'No data', 'No data');
INSERT INTO horizonapi.characters (id, slug, name, image_path, culture, gender, profession, status, eyes_color, hair_color, birth_date, death_date) VALUES (197, 'white-teeth-chieftain', 'White Teeth Chieftain', 'white-teeth-chieftain.png', 'Banuk', 'Male', 'No data', 'Alive', 'No data', 'No data', 'No data', 'No data');
INSERT INTO horizonapi.characters (id, slug, name, image_path, culture, gender, profession, status, eyes_color, hair_color, birth_date, death_date) VALUES (198, 'yariki', 'Yariki', 'yariki.png', 'Banuk', 'Female', 'No data', 'Alive', 'No data', 'No data', 'No data', 'No data');
INSERT INTO horizonapi.characters (id, slug, name, image_path, culture, gender, profession, status, eyes_color, hair_color, birth_date, death_date) VALUES (199, 'abadund', 'Abadund', 'abadund.png', 'Oseram', 'Male', 'Merchant', 'Alive', 'No data', 'No data', 'No data', 'No data');
INSERT INTO horizonapi.characters (id, slug, name, image_path, culture, gender, profession, status, eyes_color, hair_color, birth_date, death_date) VALUES (200, 'aldur', 'Aldur', 'aldur.png', 'Oseram', 'Male', 'No data', 'No data', 'No data', 'No data', 'No data', 'No data');
INSERT INTO horizonapi.characters (id, slug, name, image_path, culture, gender, profession, status, eyes_color, hair_color, birth_date, death_date) VALUES (201, 'aluf', 'Aluf', 'aluf.png', 'Oseram', 'Male', 'No data', 'Alive', 'No data', 'No data', 'No data', 'No data');
INSERT INTO horizonapi.characters (id, slug, name, image_path, culture, gender, profession, status, eyes_color, hair_color, birth_date, death_date) VALUES (202, 'alva', 'Alva', 'alva.png', 'Quen', 'Female', 'Diviner', 'No data', 'Hazel', 'Black', 'No data', 'No data');
INSERT INTO horizonapi.characters (id, slug, name, image_path, culture, gender, profession, status, eyes_color, hair_color, birth_date, death_date) VALUES (203, 'amadis-beit-raveesh', 'Amadis Beit Raveesh', 'amadis-beit-raveesh.png', 'Carja', 'Male', 'Soldier (formerly)', 'No data', 'No data', 'No data', 'No data', 'No data');
INSERT INTO horizonapi.characters (id, slug, name, image_path, culture, gender, profession, status, eyes_color, hair_color, birth_date, death_date) VALUES (204, 'anne-faraday', 'Anne Faraday', 'anne-faraday.png', 'Old Ones', 'Female', 'No data', 'No data', 'No data', 'No data', 'No data', 'No data');
INSERT INTO horizonapi.characters (id, slug, name, image_path, culture, gender, profession, status, eyes_color, hair_color, birth_date, death_date) VALUES (205, 'areus', 'Areus', 'areus.png', 'Quen', 'Male', 'No data', 'No data', 'No data', 'No data', 'No data', 'No data');
INSERT INTO horizonapi.characters (id, slug, name, image_path, culture, gender, profession, status, eyes_color, hair_color, birth_date, death_date) VALUES (206, 'arnuf', 'Arnuf', 'arnuf.png', 'Oseram', 'Male', 'Miner', 'No data', 'No data', 'No data', 'No data', 'No data');
INSERT INTO horizonapi.characters (id, slug, name, image_path, culture, gender, profession, status, eyes_color, hair_color, birth_date, death_date) VALUES (207, 'arokkeh', 'Arokkeh', 'arokkeh.png', 'Tenakth', 'Male', 'No data', 'No data', 'No data', 'No data', 'No data', 'No data');
INSERT INTO horizonapi.characters (id, slug, name, image_path, culture, gender, profession, status, eyes_color, hair_color, birth_date, death_date) VALUES (208, 'arorro', 'Arorro', 'arorro.png', 'Tenakth', 'Male', 'No data', 'No data', 'No data', 'No data', 'No data', 'No data');
INSERT INTO horizonapi.characters (id, slug, name, image_path, culture, gender, profession, status, eyes_color, hair_color, birth_date, death_date) VALUES (209, 'asera', 'Asera', 'asera.png', 'Oseram', 'Female', 'Freebooter', 'Deceased', 'No data', 'No data', 'No data', '3041');
INSERT INTO horizonapi.characters (id, slug, name, image_path, culture, gender, profession, status, eyes_color, hair_color, birth_date, death_date) VALUES (210, 'atekka', 'Atekka', 'atekka.png', 'Tenakth', 'Female', 'No data', 'No data', 'No data', 'No data', 'No data', 'No data');
INSERT INTO horizonapi.characters (id, slug, name, image_path, culture, gender, profession, status, eyes_color, hair_color, birth_date, death_date) VALUES (211, 'attah', 'Attah', 'attah.png', 'Tenakth', 'Female', 'No data', 'No data', 'No data', 'No data', 'No data', 'No data');
INSERT INTO horizonapi.characters (id, slug, name, image_path, culture, gender, profession, status, eyes_color, hair_color, birth_date, death_date) VALUES (212, 'belna', 'Belna', 'belna.png', 'Oseram', 'Female', 'No data', 'No data', 'No data', 'No data', 'No data', 'No data');
INSERT INTO horizonapi.characters (id, slug, name, image_path, culture, gender, profession, status, eyes_color, hair_color, birth_date, death_date) VALUES (213, 'beta', 'Beta', 'beta.png', 'No data', 'Female', 'No data', 'Alive', 'Green', 'Red', 'Sometime after January 16, 3012', 'No data');
INSERT INTO horizonapi.characters (id, slug, name, image_path, culture, gender, profession, status, eyes_color, hair_color, birth_date, death_date) VALUES (214, 'bohai', 'Bohai', 'bohai.png', 'Quen', 'Male', 'Diviner', 'No data', 'Brown', 'Black', 'No data', 'No data');
INSERT INTO horizonapi.characters (id, slug, name, image_path, culture, gender, profession, status, eyes_color, hair_color, birth_date, death_date) VALUES (215, 'boomer', 'Boomer', 'boomer.png', 'Oseram', 'Female', 'Tinker', 'No data', 'No data', 'No data', 'No data', 'No data');
INSERT INTO horizonapi.characters (id, slug, name, image_path, culture, gender, profession, status, eyes_color, hair_color, birth_date, death_date) VALUES (216, 'bree', 'Bree', 'bree.png', 'Utaru', 'Male', 'Birthsinger[1]', 'No data', 'No data', 'No data', 'No data', 'No data');
INSERT INTO horizonapi.characters (id, slug, name, image_path, culture, gender, profession, status, eyes_color, hair_color, birth_date, death_date) VALUES (217, 'ceo', 'Ceo', 'ceo.png', 'Quen', 'Male', 'No data', 'Deceased', 'Blue', 'Brown', 'No data', '3041');
INSERT INTO horizonapi.characters (id, slug, name, image_path, culture, gender, profession, status, eyes_color, hair_color, birth_date, death_date) VALUES (218, 'chekkatah', 'Chekkatah', 'chekkatah.png', 'Tenakth', 'Male', 'No data', 'No data', 'No data', 'No data', 'No data', 'No data');
INSERT INTO horizonapi.characters (id, slug, name, image_path, culture, gender, profession, status, eyes_color, hair_color, birth_date, death_date) VALUES (219, 'conover', 'Conover', 'conover.png', 'Carja', 'Male', 'Soldier', 'No data', 'No data', 'Brown', 'No data', 'No data');
INSERT INTO horizonapi.characters (id, slug, name, image_path, culture, gender, profession, status, eyes_color, hair_color, birth_date, death_date) VALUES (220, 'corend', 'Corend', 'corend.png', 'Oseram', 'Male', 'Scout', 'No data', 'No data', 'No data', 'No data', 'No data');
INSERT INTO horizonapi.characters (id, slug, name, image_path, culture, gender, profession, status, eyes_color, hair_color, birth_date, death_date) VALUES (221, 'cragella', 'Cragella', 'cragella.png', 'Tenakth', 'Female', 'No data', 'No data', 'No data', 'No data', 'No data', 'No data');
INSERT INTO horizonapi.characters (id, slug, name, image_path, culture, gender, profession, status, eyes_color, hair_color, birth_date, death_date) VALUES (222, 'daen', 'Daen', 'daen.png', 'Utaru', 'Male', 'Cook', 'No data', 'No data', 'No data', 'No data', 'No data');
INSERT INTO horizonapi.characters (id, slug, name, image_path, culture, gender, profession, status, eyes_color, hair_color, birth_date, death_date) VALUES (223, 'danur', 'Danur', 'danur.png', 'Oseram', 'Male', 'Salvager', 'No data', 'No data', 'No data', 'No data', 'No data');
INSERT INTO horizonapi.characters (id, slug, name, image_path, culture, gender, profession, status, eyes_color, hair_color, birth_date, death_date) VALUES (224, 'darikka', 'Darikka', 'darikka.png', 'Tenakth', 'Female', 'No data', 'No data', 'No data', 'No data', 'No data', 'No data');
INSERT INTO horizonapi.characters (id, slug, name, image_path, culture, gender, profession, status, eyes_color, hair_color, birth_date, death_date) VALUES (225, 'dekka', 'Dekka', 'dekka.png', 'Tenakth', 'Female', 'No data', 'No data', 'Brown', 'White', 'No data', 'No data');
INSERT INTO horizonapi.characters (id, slug, name, image_path, culture, gender, profession, status, eyes_color, hair_color, birth_date, death_date) VALUES (226, 'delah', 'Delah', 'delah.png', 'Oseram', 'Female', 'Tinker', 'No data', 'No data', 'No data', 'No data', 'No data');
INSERT INTO horizonapi.characters (id, slug, name, image_path, culture, gender, profession, status, eyes_color, hair_color, birth_date, death_date) VALUES (227, 'dorund', 'Dorund', 'dorund.png', 'Oseram', 'Male', 'No data', 'No data', 'No data', 'No data', 'No data', 'No data');
INSERT INTO horizonapi.characters (id, slug, name, image_path, culture, gender, profession, status, eyes_color, hair_color, birth_date, death_date) VALUES (228, 'drae', 'Drae', 'drae.png', 'Utaru', 'Female', 'No data', 'No data', 'No data', 'No data', 'No data', 'No data');
INSERT INTO horizonapi.characters (id, slug, name, image_path, culture, gender, profession, status, eyes_color, hair_color, birth_date, death_date) VALUES (229, 'drakka', 'Drakka', 'drakka.png', 'Tenakth', 'Male', 'No data', 'No data', 'No data', 'No data', 'No data', 'No data');
INSERT INTO horizonapi.characters (id, slug, name, image_path, culture, gender, profession, status, eyes_color, hair_color, birth_date, death_date) VALUES (230, 'dukkah', 'Dukkah', 'dukkah.png', 'Tenakth', 'Female', 'Merchant', 'No data', 'No data', 'No data', 'No data', 'No data');
INSERT INTO horizonapi.characters (id, slug, name, image_path, culture, gender, profession, status, eyes_color, hair_color, birth_date, death_date) VALUES (231, 'elottak', 'Elottak', 'elottak.png', 'Tenakth', 'Female', 'No data', 'No data', 'No data', 'No data', 'No data', 'No data');
INSERT INTO horizonapi.characters (id, slug, name, image_path, culture, gender, profession, status, eyes_color, hair_color, birth_date, death_date) VALUES (232, 'emboh', 'Emboh', 'emboh.png', 'Utaru', 'Male', 'Farmer', 'No data', 'No data', 'No data', 'No data', 'No data');
INSERT INTO horizonapi.characters (id, slug, name, image_path, culture, gender, profession, status, eyes_color, hair_color, birth_date, death_date) VALUES (233, 'emma-irving', 'Emma Irving', 'emma-irving.png', 'Old Ones', 'No data', 'No data', 'No data', 'No data', 'No data', 'c. 2056-2058', 'No data');
INSERT INTO horizonapi.characters (id, slug, name, image_path, culture, gender, profession, status, eyes_color, hair_color, birth_date, death_date) VALUES (234, 'erayyo', 'Erayyo', 'erayyo.png', 'Tenakth', 'Male', 'No data', 'No data', 'No data', 'No data', 'No data', 'No data');
INSERT INTO horizonapi.characters (id, slug, name, image_path, culture, gender, profession, status, eyes_color, hair_color, birth_date, death_date) VALUES (235, 'erik-visser', 'Erik Visser', 'erik-visser.png', 'No data', 'Male', 'No data', 'No data', 'Brown', 'Gray', 'No data', '3041');
INSERT INTO horizonapi.characters (id, slug, name, image_path, culture, gender, profession, status, eyes_color, hair_color, birth_date, death_date) VALUES (236, 'ethan-reed', 'Ethan Reed', 'ethan-reed.png', 'Old Ones', 'Male', 'No data', 'No data', 'No data', 'No data', 'No data', 'No data');
INSERT INTO horizonapi.characters (id, slug, name, image_path, culture, gender, profession, status, eyes_color, hair_color, birth_date, death_date) VALUES (237, 'fa', 'Fa', 'fa.png', 'No data', 'No data', 'Combat MachineField Maintenance (formerly)', 'Destroyed', 'No data', 'No data', 'No data', 'No data');
INSERT INTO horizonapi.characters (id, slug, name, image_path, culture, gender, profession, status, eyes_color, hair_color, birth_date, death_date) VALUES (238, 'fane', 'Fane', 'fane.png', 'Utaru', 'Male', 'No data', 'Alive', 'No data', 'No data', 'No data', 'No data');
INSERT INTO horizonapi.characters (id, slug, name, image_path, culture, gender, profession, status, eyes_color, hair_color, birth_date, death_date) VALUES (239, 'fashav', 'Fashav', 'fashav.png', 'Carja/Tenakth', 'Male', 'Soldier', 'Deceased', 'No data', 'Brown', 'Unknown', '3041');
INSERT INTO horizonapi.characters (id, slug, name, image_path, culture, gender, profession, status, eyes_color, hair_color, birth_date, death_date) VALUES (240, 'fayna-leon', 'Fayna Leon', 'fayna-leon.png', 'Old Ones', 'No data', 'No data', 'No data', 'No data', 'No data', 'No data', 'No data');
INSERT INTO horizonapi.characters (id, slug, name, image_path, culture, gender, profession, status, eyes_color, hair_color, birth_date, death_date) VALUES (241, 'fendur', 'Fendur', 'fendur.png', 'Oseram', 'Male', 'No data', 'No data', 'No data', 'No data', 'No data', 'No data');
INSERT INTO horizonapi.characters (id, slug, name, image_path, culture, gender, profession, status, eyes_color, hair_color, birth_date, death_date) VALUES (242, 'fenirra', 'Fenirra', 'fenirra.png', 'Tenakth', 'Female', 'No data', 'No data', 'No data', 'No data', 'No data', 'No data');
INSERT INTO horizonapi.characters (id, slug, name, image_path, culture, gender, profession, status, eyes_color, hair_color, birth_date, death_date) VALUES (243, 'ferikka', 'Ferikka', 'ferikka.png', 'Tenakth', 'Female', 'Soldier', 'No data', 'No data', 'No data', 'No data', 'No data');
INSERT INTO horizonapi.characters (id, slug, name, image_path, culture, gender, profession, status, eyes_color, hair_color, birth_date, death_date) VALUES (244, 'fikatta', 'Fikatta', 'fikatta.png', 'Tenakth', 'Female', 'Assistant Cook', 'No data', 'No data', 'No data', 'No data', 'No data');
INSERT INTO horizonapi.characters (id, slug, name, image_path, culture, gender, profession, status, eyes_color, hair_color, birth_date, death_date) VALUES (245, 'gaia-second', 'GAIA (second)', 'gaia-second.png', 'No data', 'Female', 'Artificial Intelligence', 'Alive', 'No data', 'No data', '3041', 'No data');
INSERT INTO horizonapi.characters (id, slug, name, image_path, culture, gender, profession, status, eyes_color, hair_color, birth_date, death_date) VALUES (246, 'gana', 'Gana', 'gana.png', 'Utaru', 'Female', 'Dyer', 'No data', 'No data', 'No data', 'No data', 'No data');
INSERT INTO horizonapi.characters (id, slug, name, image_path, culture, gender, profession, status, eyes_color, hair_color, birth_date, death_date) VALUES (247, 'garokkah', 'Garokkah', 'garokkah.png', 'Tenakth', 'Male', 'Soldier', 'Alive', 'No data', 'No data', 'c. sometime before 3011', 'No data');
INSERT INTO horizonapi.characters (id, slug, name, image_path, culture, gender, profession, status, eyes_color, hair_color, birth_date, death_date) VALUES (248, 'gattak', 'Gattak', 'gattak.png', 'Tenakth', 'Female', 'No data', 'No data', 'No data', 'No data', 'No data', 'No data');
INSERT INTO horizonapi.characters (id, slug, name, image_path, culture, gender, profession, status, eyes_color, hair_color, birth_date, death_date) VALUES (249, 'gendas', 'Gendas', 'gendas.png', 'Carja', 'Male', 'Scholar', 'Alive', 'No data', 'No data', 'No data', 'No data');
INSERT INTO horizonapi.characters (id, slug, name, image_path, culture, gender, profession, status, eyes_color, hair_color, birth_date, death_date) VALUES (250, 'gerard-bieri', 'Gerard Bieri', 'gerard-bieri.png', 'Old Ones', 'Male', 'No data', 'Deceased', 'Brown', 'No data', 'No data', '3041 Far Zenith');
INSERT INTO horizonapi.characters (id, slug, name, image_path, culture, gender, profession, status, eyes_color, hair_color, birth_date, death_date) VALUES (251, 'gerrah', 'Gerrah', 'gerrah.png', 'Tenakth', 'Female', 'No data', 'No data', 'No data', 'No data', 'No data', 'No data');
INSERT INTO horizonapi.characters (id, slug, name, image_path, culture, gender, profession, status, eyes_color, hair_color, birth_date, death_date) VALUES (252, 'ghrella', 'Ghrella', 'ghrella.png', 'Tenakth', 'Female', 'No data', 'No data', 'No data', 'No data', 'No data', 'No data');
INSERT INTO horizonapi.characters (id, slug, name, image_path, culture, gender, profession, status, eyes_color, hair_color, birth_date, death_date) VALUES (253, 'gilvarn', 'Gilvarn', 'gilvarn.png', 'Oseram', 'Male', 'Miner[1]', 'No data', 'No data', 'No data', 'No data', 'No data');
INSERT INTO horizonapi.characters (id, slug, name, image_path, culture, gender, profession, status, eyes_color, hair_color, birth_date, death_date) VALUES (254, 'grudda', 'Grudda', 'grudda.png', 'Tenakth', 'Male', 'No data', 'No data', 'No data', 'No data', 'No data', 'No data');
INSERT INTO horizonapi.characters (id, slug, name, image_path, culture, gender, profession, status, eyes_color, hair_color, birth_date, death_date) VALUES (255, 'hakund', 'Hakund', 'hakund.png', 'Oseram', 'Male', 'Merchant', 'No data', 'No data', 'No data', 'No data', 'No data');
INSERT INTO horizonapi.characters (id, slug, name, image_path, culture, gender, profession, status, eyes_color, hair_color, birth_date, death_date) VALUES (256, 'handa', 'Handa', 'handa.png', 'Oseram', 'Female', 'Salvager', 'No data', 'No data', 'No data', 'No data', 'No data');
INSERT INTO horizonapi.characters (id, slug, name, image_path, culture, gender, profession, status, eyes_color, hair_color, birth_date, death_date) VALUES (257, 'harriem', 'Harriem', 'harriem.png', 'Quen', 'Female', 'Navigator', 'No data', 'No data', 'No data', 'No data', 'No data');
INSERT INTO horizonapi.characters (id, slug, name, image_path, culture, gender, profession, status, eyes_color, hair_color, birth_date, death_date) VALUES (258, 'hataktto', 'Hataktto', 'hataktto.png', 'Tenakth', 'Male', 'No data', 'No data', 'No data', 'No data', 'No data', 'No data');
INSERT INTO horizonapi.characters (id, slug, name, image_path, culture, gender, profession, status, eyes_color, hair_color, birth_date, death_date) VALUES (259, 'haxx', 'Haxx', 'haxx.png', 'Tenakth', 'Male', 'No data', 'No data', 'No data', 'No data', 'No data', 'No data');
INSERT INTO horizonapi.characters (id, slug, name, image_path, culture, gender, profession, status, eyes_color, hair_color, birth_date, death_date) VALUES (260, 'hekarro', 'Hekarro', 'hekarro.png', 'Tenakth', 'Male', 'Warrior', 'No data', 'Hazel', 'Dark Brown', 'No data', 'No data');
INSERT INTO horizonapi.characters (id, slug, name, image_path, culture, gender, profession, status, eyes_color, hair_color, birth_date, death_date) VALUES (261, 'hekatta', 'Hekatta', 'hekatta.png', 'Tenakth', 'Female', 'Soldier', 'Alive', 'No data', 'No data', 'No data', 'No data');
INSERT INTO horizonapi.characters (id, slug, name, image_path, culture, gender, profession, status, eyes_color, hair_color, birth_date, death_date) VALUES (262, 'hovveh', 'Hovveh', 'hovveh.png', 'Tenakth', 'Male', 'No data', 'No data', 'No data', 'No data', 'No data', 'No data');
INSERT INTO horizonapi.characters (id, slug, name, image_path, culture, gender, profession, status, eyes_color, hair_color, birth_date, death_date) VALUES (263, 'ikkotah', 'Ikkotah', 'ikkotah.png', 'Tenakth', 'Male', 'No data', 'No data', 'No data', 'No data', 'No data', 'No data');
INSERT INTO horizonapi.characters (id, slug, name, image_path, culture, gender, profession, status, eyes_color, hair_color, birth_date, death_date) VALUES (264, 'ioh', 'Ioh', 'ioh.png', 'Utaru', 'Male', 'No data', 'No data', 'No data', 'No data', 'No data', 'No data');
INSERT INTO horizonapi.characters (id, slug, name, image_path, culture, gender, profession, status, eyes_color, hair_color, birth_date, death_date) VALUES (265, 'ivinna', 'Ivinna', 'ivinna.png', 'Tenakth', 'Female', 'Hunter', 'No data', 'No data', 'No data', 'No data', 'No data');
INSERT INTO horizonapi.characters (id, slug, name, image_path, culture, gender, profession, status, eyes_color, hair_color, birth_date, death_date) VALUES (266, 'ivvalla', 'Ivvalla', 'ivvalla.png', 'Tenakth', 'Female', 'No data', 'No data', 'No data', 'No data', 'No data', 'No data');
INSERT INTO horizonapi.characters (id, slug, name, image_path, culture, gender, profession, status, eyes_color, hair_color, birth_date, death_date) VALUES (267, 'ivvira', 'Ivvira', 'ivvira.png', 'Tenakth', 'Female', 'No data', 'No data', 'No data', 'No data', 'No data', 'No data');
INSERT INTO horizonapi.characters (id, slug, name, image_path, culture, gender, profession, status, eyes_color, hair_color, birth_date, death_date) VALUES (268, 'izvad', 'Izvad', 'izvad.png', 'Carja', 'Male', 'Hunter', 'No data', 'No data', 'No data', 'No data', 'No data');
INSERT INTO horizonapi.characters (id, slug, name, image_path, culture, gender, profession, status, eyes_color, hair_color, birth_date, death_date) VALUES (269, 'javad', 'Javad', 'javad.png', 'Carja', 'Male', 'No data', 'No data', 'No data', 'No data', 'No data', 'No data');
INSERT INTO horizonapi.characters (id, slug, name, image_path, culture, gender, profession, status, eyes_color, hair_color, birth_date, death_date) VALUES (270, 'javveh', 'Javveh', 'javveh.png', 'Tenakth', 'Male', 'No data', 'Deceased', 'No data', 'No data', 'No data', '3041');
INSERT INTO horizonapi.characters (id, slug, name, image_path, culture, gender, profession, status, eyes_color, hair_color, birth_date, death_date) VALUES (271, 'jaxx', 'Jaxx', 'jaxx.png', 'UtaruTenakth (formerly)', 'Male', 'No data', 'No data', 'No data', 'No data', 'No data', 'No data');
INSERT INTO horizonapi.characters (id, slug, name, image_path, culture, gender, profession, status, eyes_color, hair_color, birth_date, death_date) VALUES (272, 'jekkah', 'Jekkah', 'jekkah.png', 'Tenakth', 'Female', 'No data', 'No data', 'No data', 'No data', 'c. mid-3020s', 'No data');
INSERT INTO horizonapi.characters (id, slug, name, image_path, culture, gender, profession, status, eyes_color, hair_color, birth_date, death_date) VALUES (273, 'jelda', 'Jelda', 'jelda.png', 'Oseram', 'Female', 'Delver', 'No data', 'No data', 'No data', 'No data', 'No data');
INSERT INTO horizonapi.characters (id, slug, name, image_path, culture, gender, profession, status, eyes_color, hair_color, birth_date, death_date) VALUES (274, 'jetakka', 'Jetakka', 'jetakka.png', 'Tenakth', 'Male', 'No data', 'No data', 'No data', 'No data', 'No data', 'No data');
INSERT INTO horizonapi.characters (id, slug, name, image_path, culture, gender, profession, status, eyes_color, hair_color, birth_date, death_date) VALUES (275, 'jia', 'Jia', 'jia.png', 'Utaru', 'Female', 'No data', 'No data', 'No data', 'No data', 'No data', 'No data');
INSERT INTO horizonapi.characters (id, slug, name, image_path, culture, gender, profession, status, eyes_color, hair_color, birth_date, death_date) VALUES (276, 'jomar', 'Jomar', 'jomar.png', 'Quen', 'Male', 'Merchant', 'No data', 'No data', 'No data', 'No data', 'No data');
INSERT INTO horizonapi.characters (id, slug, name, image_path, culture, gender, profession, status, eyes_color, hair_color, birth_date, death_date) VALUES (277, 'joruf', 'Joruf', 'joruf.png', 'Oseram', 'Male', 'No data', 'No data', 'No data', 'No data', 'No data', 'No data');
INSERT INTO horizonapi.characters (id, slug, name, image_path, culture, gender, profession, status, eyes_color, hair_color, birth_date, death_date) VALUES (278, 'jorund', 'Jorund', 'jorund.png', 'Oseram', 'Male', 'No data', 'No data', 'No data', 'No data', 'No data', 'No data');
INSERT INTO horizonapi.characters (id, slug, name, image_path, culture, gender, profession, status, eyes_color, hair_color, birth_date, death_date) VALUES (279, 'josekk', 'Josekk', 'josekk.png', 'Tenakth', 'Male', 'No data', 'No data', 'No data', 'No data', 'No data', 'No data');
INSERT INTO horizonapi.characters (id, slug, name, image_path, culture, gender, profession, status, eyes_color, hair_color, birth_date, death_date) VALUES (280, 'kalae', 'Kalae', 'kalae.png', 'Utaru', 'Female', 'No data', 'No data', 'No data', 'Brown', 'No data', 'No data');
INSERT INTO horizonapi.characters (id, slug, name, image_path, culture, gender, profession, status, eyes_color, hair_color, birth_date, death_date) VALUES (281, 'kalla', 'Kalla', 'kalla.png', 'Tenakth', 'Female', 'No data', 'No data', 'No data', 'No data', 'No data', 'No data');
INSERT INTO horizonapi.characters (id, slug, name, image_path, culture, gender, profession, status, eyes_color, hair_color, birth_date, death_date) VALUES (282, 'kanya-somptow', 'Kanya Somptow', 'kanya-somptow.png', 'Old Ones (presumably Thai)', 'Female', 'No data', 'Deceased', 'No data', 'No data', 'c. early 2050s', 'A few years post-2066');
INSERT INTO horizonapi.characters (id, slug, name, image_path, culture, gender, profession, status, eyes_color, hair_color, birth_date, death_date) VALUES (283, 'karhn', 'Karhn', 'karhn.png', 'Oseram', 'Male', 'Lift operator', 'No data', 'No data', 'No data', 'No data', 'No data');
INSERT INTO horizonapi.characters (id, slug, name, image_path, culture, gender, profession, status, eyes_color, hair_color, birth_date, death_date) VALUES (284, 'kavvoh', 'Kavvoh', 'kavvoh.png', 'Tenakth', 'Male', 'No data', 'No data', 'No data', 'No data', 'No data', 'No data');
INSERT INTO horizonapi.characters (id, slug, name, image_path, culture, gender, profession, status, eyes_color, hair_color, birth_date, death_date) VALUES (285, 'kel', 'Kel', 'kel.png', 'Utaru', 'Female', 'No data', 'No data', 'No data', 'No data', 'No data', 'No data');
INSERT INTO horizonapi.characters (id, slug, name, image_path, culture, gender, profession, status, eyes_color, hair_color, birth_date, death_date) VALUES (286, 'kenalla', 'Kenalla', 'kenalla.png', 'Tenakth', 'Female', 'No data', 'No data', 'No data', 'No data', 'No data', 'No data');
INSERT INTO horizonapi.characters (id, slug, name, image_path, culture, gender, profession, status, eyes_color, hair_color, birth_date, death_date) VALUES (287, 'kenirra', 'Kenirra', 'kenirra.png', 'Tenakth', 'Female', 'No data', 'Deceased', 'Green', 'No data', 'No data', '3041');
INSERT INTO horizonapi.characters (id, slug, name, image_path, culture, gender, profession, status, eyes_color, hair_color, birth_date, death_date) VALUES (288, 'kentokk', 'Kentokk', 'kentokk.png', 'Tenakth', 'Male', 'No data', 'No data', 'No data', 'No data', 'No data', 'No data');
INSERT INTO horizonapi.characters (id, slug, name, image_path, culture, gender, profession, status, eyes_color, hair_color, birth_date, death_date) VALUES (289, 'keruf', 'Keruf', 'keruf.png', 'Oseram', 'Male', 'No data', 'No data', 'No data', 'No data', 'No data', 'No data');
INSERT INTO horizonapi.characters (id, slug, name, image_path, culture, gender, profession, status, eyes_color, hair_color, birth_date, death_date) VALUES (290, 'kettah', 'Kettah', 'kettah.png', 'Tenakth', 'Female', 'No data', 'No data', 'No data', 'No data', 'No data', 'No data');
INSERT INTO horizonapi.characters (id, slug, name, image_path, culture, gender, profession, status, eyes_color, hair_color, birth_date, death_date) VALUES (291, 'kin', 'Kin', 'kin.png', 'Utaru', 'Female', 'No data', 'No data', 'No data', 'No data', 'No data', 'No data');
INSERT INTO horizonapi.characters (id, slug, name, image_path, culture, gender, profession, status, eyes_color, hair_color, birth_date, death_date) VALUES (292, 'kitakka', 'Kitakka', 'kitakka.png', 'Tenakth', 'Female', 'No data', 'No data', 'No data', 'No data', 'No data', 'No data');
INSERT INTO horizonapi.characters (id, slug, name, image_path, culture, gender, profession, status, eyes_color, hair_color, birth_date, death_date) VALUES (293, 'kivva', 'Kivva', 'kivva.png', 'Tenakth', 'Female', 'No data', 'No data', 'No data', 'No data', 'No data', 'No data');
INSERT INTO horizonapi.characters (id, slug, name, image_path, culture, gender, profession, status, eyes_color, hair_color, birth_date, death_date) VALUES (294, 'korreh', 'Korreh', 'korreh.png', 'Tenakth', 'Male', 'No data', 'No data', 'No data', 'Black', 'No data', 'No data');
INSERT INTO horizonapi.characters (id, slug, name, image_path, culture, gender, profession, status, eyes_color, hair_color, birth_date, death_date) VALUES (295, 'korvend', 'Korvend', 'korvend.png', 'Oseram', 'Male', 'Mine Foreman', 'No data', 'No data', 'No data', 'No data', 'No data');
INSERT INTO horizonapi.characters (id, slug, name, image_path, culture, gender, profession, status, eyes_color, hair_color, birth_date, death_date) VALUES (296, 'kotallo', 'Kotallo', 'kotallo.png', 'Tenakth', 'Male', 'Warrior', 'No data', 'No data', 'No data', 'No data', 'No data');
INSERT INTO horizonapi.characters (id, slug, name, image_path, culture, gender, profession, status, eyes_color, hair_color, birth_date, death_date) VALUES (297, 'kristia', 'Kristia', 'kristia.png', 'Quen', 'Female', 'Navigator', 'No data', 'No data', 'No data', 'No data', 'No data');
INSERT INTO horizonapi.characters (id, slug, name, image_path, culture, gender, profession, status, eyes_color, hair_color, birth_date, death_date) VALUES (298, 'kue', 'Kue', 'kue.png', 'Utaru', 'Male', 'Metal Weaver', 'No data', 'No data', 'No data', 'No data', 'No data');
INSERT INTO horizonapi.characters (id, slug, name, image_path, culture, gender, profession, status, eyes_color, hair_color, birth_date, death_date) VALUES (299, 'lao', 'Lao', 'lao.png', 'Utaru', 'Male', 'No data', 'No data', 'No data', 'No data', 'No data', 'No data');
INSERT INTO horizonapi.characters (id, slug, name, image_path, culture, gender, profession, status, eyes_color, hair_color, birth_date, death_date) VALUES (300, 'larend', 'Larend', 'larend.png', 'Oseram', 'Male', 'No data', 'No data', 'No data', 'No data', 'No data', 'No data');
INSERT INTO horizonapi.characters (id, slug, name, image_path, culture, gender, profession, status, eyes_color, hair_color, birth_date, death_date) VALUES (301, 'laruvik', 'Laruvik', 'laruvik.png', 'Carja', 'Male', 'Soldier', 'No data', 'No data', 'No data', 'No data', 'No data');
INSERT INTO horizonapi.characters (id, slug, name, image_path, culture, gender, profession, status, eyes_color, hair_color, birth_date, death_date) VALUES (302, 'laures', 'Laures', 'laures.png', 'Quen', 'Female', 'No data', 'No data', 'No data', 'No data', 'No data', 'No data');
INSERT INTO horizonapi.characters (id, slug, name, image_path, culture, gender, profession, status, eyes_color, hair_color, birth_date, death_date) VALUES (303, 'lawan', 'Lawan', 'lawan.png', 'Carja', 'Male', 'Soldier', 'No data', 'Brown', 'Black', 'No data', 'No data');
INSERT INTO horizonapi.characters (id, slug, name, image_path, culture, gender, profession, status, eyes_color, hair_color, birth_date, death_date) VALUES (304, 'lea', 'Lea', 'lea.png', 'Utaru', 'Female', 'No data', 'No data', 'No data', 'No data', 'No data', 'No data');
INSERT INTO horizonapi.characters (id, slug, name, image_path, culture, gender, profession, status, eyes_color, hair_color, birth_date, death_date) VALUES (305, 'leikttah', 'Leikttah', 'leikttah.png', 'Tenakth', 'Female', 'Merchant', 'No data', 'No data', 'No data', 'No data', 'No data');
INSERT INTO horizonapi.characters (id, slug, name, image_path, culture, gender, profession, status, eyes_color, hair_color, birth_date, death_date) VALUES (306, 'lel', 'Lel', 'lel.png', 'Utaru', 'Male', 'No data', 'No data', 'No data', 'No data', 'No data', 'No data');
INSERT INTO horizonapi.characters (id, slug, name, image_path, culture, gender, profession, status, eyes_color, hair_color, birth_date, death_date) VALUES (307, 'lirokkeh', 'Lirokkeh', 'lirokkeh.png', 'Tenakth', 'Male', 'No data', 'No data', 'No data', 'No data', 'No data', 'No data');
INSERT INTO horizonapi.characters (id, slug, name, image_path, culture, gender, profession, status, eyes_color, hair_color, birth_date, death_date) VALUES (308, 'litakka', 'Litakka', 'litakka.png', 'Tenakth', 'Female', 'No data', 'No data', 'No data', 'No data', 'No data', 'No data');
INSERT INTO horizonapi.characters (id, slug, name, image_path, culture, gender, profession, status, eyes_color, hair_color, birth_date, death_date) VALUES (309, 'littay', 'Littay', 'littay.png', 'Tenakth', 'Female', 'No data', 'No data', 'No data', 'No data', 'No data', 'No data');
INSERT INTO horizonapi.characters (id, slug, name, image_path, culture, gender, profession, status, eyes_color, hair_color, birth_date, death_date) VALUES (310, 'lokasha', 'Lokasha', 'lokasha.png', 'Shadow Carja', 'Female', 'No data', 'No data', 'Brown', 'Brown', 'No data', 'No data');
INSERT INTO horizonapi.characters (id, slug, name, image_path, culture, gender, profession, status, eyes_color, hair_color, birth_date, death_date) VALUES (311, 'lokattok', 'Lokattok', 'lokattok.png', 'Tenakth', 'Female', 'Hunter', 'No data', 'No data', 'No data', 'No data', 'No data');
INSERT INTO horizonapi.characters (id, slug, name, image_path, culture, gender, profession, status, eyes_color, hair_color, birth_date, death_date) VALUES (312, 'lokuf', 'Lokuf', 'lokuf.png', 'Oseram', 'Male', 'Miner', 'No data', 'No data', 'No data', 'No data', 'No data');
INSERT INTO horizonapi.characters (id, slug, name, image_path, culture, gender, profession, status, eyes_color, hair_color, birth_date, death_date) VALUES (313, 'lora', 'Lora', 'lora.png', 'Oseram', 'Female', 'No data', 'Alive', 'No data', 'No data', 'No data', 'No data');
INSERT INTO horizonapi.characters (id, slug, name, image_path, culture, gender, profession, status, eyes_color, hair_color, birth_date, death_date) VALUES (314, 'luf', 'Luf', 'luf.png', 'Oseram', 'Male', 'No data', 'No data', 'No data', 'No data', 'No data', 'No data');
INSERT INTO horizonapi.characters (id, slug, name, image_path, culture, gender, profession, status, eyes_color, hair_color, birth_date, death_date) VALUES (315, 'lunda', 'Lunda', 'lunda.png', 'Oseram', 'Female', 'No data', 'No data', 'Brown', 'Black', 'No data', 'No data');
INSERT INTO horizonapi.characters (id, slug, name, image_path, culture, gender, profession, status, eyes_color, hair_color, birth_date, death_date) VALUES (316, 'maleev', 'Maleev', 'maleev.png', 'Carja', 'Male', 'Guard', 'No data', 'No data', 'No data', 'No data', 'No data');
INSERT INTO horizonapi.characters (id, slug, name, image_path, culture, gender, profession, status, eyes_color, hair_color, birth_date, death_date) VALUES (317, 'marallo', 'Marallo', 'marallo.png', 'Tenakth', 'Male', 'No data', 'No data', 'No data', 'No data', 'No data', 'No data');
INSERT INTO horizonapi.characters (id, slug, name, image_path, culture, gender, profession, status, eyes_color, hair_color, birth_date, death_date) VALUES (318, 'mariana', 'Mariana', 'mariana.png', 'Oseram', 'Female', 'Fisher', 'Alive', 'No data', 'No data', 'No data', 'No data');
INSERT INTO horizonapi.characters (id, slug, name, image_path, culture, gender, profession, status, eyes_color, hair_color, birth_date, death_date) VALUES (319, 'marsa', 'Marsa', 'marsa.png', 'Oseram', 'Female', 'No data', 'No data', 'No data', 'No data', 'No data', 'No data');
INSERT INTO horizonapi.characters (id, slug, name, image_path, culture, gender, profession, status, eyes_color, hair_color, birth_date, death_date) VALUES (320, 'mavas', 'Mavas', 'mavas.png', 'Carja', 'Male', 'Soldier', 'No data', 'No data', 'No data', 'No data', 'No data');
INSERT INTO horizonapi.characters (id, slug, name, image_path, culture, gender, profession, status, eyes_color, hair_color, birth_date, death_date) VALUES (321, 'meat', 'Meat', 'meat.png', 'Tenakth', 'Female', 'No data', 'No data', 'No data', 'No data', 'No data', 'No data');
INSERT INTO horizonapi.characters (id, slug, name, image_path, culture, gender, profession, status, eyes_color, hair_color, birth_date, death_date) VALUES (322, 'mian', 'Mian', 'mian.png', 'Utaru', 'Female', 'No data', 'No data', 'No data', 'No data', 'No data', 'No data');
INSERT INTO horizonapi.characters (id, slug, name, image_path, culture, gender, profession, status, eyes_color, hair_color, birth_date, death_date) VALUES (323, 'milduf-boarbroiler', 'Milduf Boarbroiler', 'milduf-boarbroiler.png', 'Oseram', 'Male', 'Cook', 'Alive', 'No data', 'No data', 'No data', 'No data');
INSERT INTO horizonapi.characters (id, slug, name, image_path, culture, gender, profession, status, eyes_color, hair_color, birth_date, death_date) VALUES (324, 'milu', 'Milu', 'milu.png', 'Utaru', 'Female', 'No data', 'Alive', 'No data', 'No data', 'No data', 'No data');
INSERT INTO horizonapi.characters (id, slug, name, image_path, culture, gender, profession, status, eyes_color, hair_color, birth_date, death_date) VALUES (325, 'minda', 'Minda', 'minda.png', 'Oseram', 'Female', 'No data', 'No data', 'No data', 'No data', 'No data', 'No data');
INSERT INTO horizonapi.characters (id, slug, name, image_path, culture, gender, profession, status, eyes_color, hair_color, birth_date, death_date) VALUES (326, 'morlund', 'Morlund', 'morlund.png', 'Oseram', 'Male', 'Showman', 'Alive', 'No data', 'No data', 'No data', 'No data');
INSERT INTO horizonapi.characters (id, slug, name, image_path, culture, gender, profession, status, eyes_color, hair_color, birth_date, death_date) VALUES (327, 'nakalla', 'Nakalla', 'nakalla.png', 'Tenakth', 'Female', 'No data', 'No data', 'No data', 'No data', 'No data', 'No data');
INSERT INTO horizonapi.characters (id, slug, name, image_path, culture, gender, profession, status, eyes_color, hair_color, birth_date, death_date) VALUES (328, 'nakko', 'Nakko', 'nakko.png', 'Tenakth', 'Male', 'No data', 'No data', 'No data', 'No data', 'No data', 'No data');
INSERT INTO horizonapi.characters (id, slug, name, image_path, culture, gender, profession, status, eyes_color, hair_color, birth_date, death_date) VALUES (329, 'narong-somptow', 'Narong Somptow', 'narong-somptow.png', 'Old Ones (presumably Thai)', 'Male', 'Doctor', 'Deceased', 'No data', 'No data', 'No data', 'A few years post-2066');
INSERT INTO horizonapi.characters (id, slug, name, image_path, culture, gender, profession, status, eyes_color, hair_color, birth_date, death_date) VALUES (330, 'natikka', 'Natikka', 'natikka.png', 'Tenakth', 'Female', 'No data', 'No data', 'No data', 'No data', 'No data', 'No data');
INSERT INTO horizonapi.characters (id, slug, name, image_path, culture, gender, profession, status, eyes_color, hair_color, birth_date, death_date) VALUES (331, 'nel', 'Nel', 'nel.png', 'Utaru', 'Female', 'No data', 'No data', 'No data', 'No data', 'No data', 'No data');
INSERT INTO horizonapi.characters (id, slug, name, image_path, culture, gender, profession, status, eyes_color, hair_color, birth_date, death_date) VALUES (332, 'nirik', 'Nirik', 'nirik.png', 'Quen', 'Male', 'Diviner', 'No data', 'Brown', 'Brown', 'No data', 'No data');
INSERT INTO horizonapi.characters (id, slug, name, image_path, culture, gender, profession, status, eyes_color, hair_color, birth_date, death_date) VALUES (333, 'nozar-arin-khuvaman', 'Nozar Arin Khuvaman', 'nozar-arin-khuvaman.png', 'Carja', 'Male', 'No data', 'Deceased', 'No data', 'Brown', 'No data', '3041');
INSERT INTO horizonapi.characters (id, slug, name, image_path, culture, gender, profession, status, eyes_color, hair_color, birth_date, death_date) VALUES (334, 'odurg', 'Odurg', 'odurg.png', 'Oseram', 'Male', 'No data', 'No data', 'No data', 'No data', 'No data', 'No data');
INSERT INTO horizonapi.characters (id, slug, name, image_path, culture, gender, profession, status, eyes_color, hair_color, birth_date, death_date) VALUES (335, 'okka', 'Okka', 'okka.png', 'Tenakth', 'Male', 'Stitcher', 'No data', 'No data', 'No data', 'No data', 'No data');
INSERT INTO horizonapi.characters (id, slug, name, image_path, culture, gender, profession, status, eyes_color, hair_color, birth_date, death_date) VALUES (336, 'parallo', 'Parallo', 'parallo.png', 'Tenakth', 'Male', 'Hunter', 'No data', 'No data', 'No data', 'No data', 'No data');
INSERT INTO horizonapi.characters (id, slug, name, image_path, culture, gender, profession, status, eyes_color, hair_color, birth_date, death_date) VALUES (337, 'payiv', 'Payiv', 'payiv.png', 'Carja', 'Male', 'Soldier', 'No data', 'No data', 'No data', 'No data', 'No data');
INSERT INTO horizonapi.characters (id, slug, name, image_path, culture, gender, profession, status, eyes_color, hair_color, birth_date, death_date) VALUES (338, 'pekka', 'Pekka', 'pekka.png', 'Tenakth', 'Female', 'No data', 'No data', 'No data', 'No data', 'No data', 'No data');
INSERT INTO horizonapi.characters (id, slug, name, image_path, culture, gender, profession, status, eyes_color, hair_color, birth_date, death_date) VALUES (339, 'pentalla', 'Pentalla', 'pentalla.png', 'Tenakth', 'Female', 'CookTeacher', 'Alive', 'No data', 'No data', 'No data', 'No data');
INSERT INTO horizonapi.characters (id, slug, name, image_path, culture, gender, profession, status, eyes_color, hair_color, birth_date, death_date) VALUES (340, 'penttoh', 'Penttoh', 'penttoh.png', 'Tenakth', 'Male', 'No data', 'No data', 'No data', 'No data', 'No data', 'No data');
INSERT INTO horizonapi.characters (id, slug, name, image_path, culture, gender, profession, status, eyes_color, hair_color, birth_date, death_date) VALUES (341, 'porguf-delvesman', 'Porguf Delvesman', 'porguf-delvesman.png', 'Oseram', 'Male', 'Delver', 'No data', 'No data', 'No data', 'No data', 'No data');
INSERT INTO horizonapi.characters (id, slug, name, image_path, culture, gender, profession, status, eyes_color, hair_color, birth_date, death_date) VALUES (342, 'ragurt', 'Ragurt', 'ragurt.png', 'Oseram', 'Male', 'No data', 'No data', 'No data', 'No data', 'No data', 'No data');
INSERT INTO horizonapi.characters (id, slug, name, image_path, culture, gender, profession, status, eyes_color, hair_color, birth_date, death_date) VALUES (343, 'rakkar', 'Rakkar', 'rakkar.png', 'Tenakth', 'Male', 'No data', 'No data', 'No data', 'No data', 'No data', 'No data');
INSERT INTO horizonapi.characters (id, slug, name, image_path, culture, gender, profession, status, eyes_color, hair_color, birth_date, death_date) VALUES (344, 'raynah', 'Raynah', 'raynah.png', 'Oseram', 'Female', 'Collectables Merchant', 'No data', 'No data', 'No data', 'No data', 'No data');
INSERT INTO horizonapi.characters (id, slug, name, image_path, culture, gender, profession, status, eyes_color, hair_color, birth_date, death_date) VALUES (345, 'regalla', 'Regalla', 'regalla.png', 'Tenakth', 'Female', 'No data', 'Deceased', 'Brown', 'Gray', 'No data', '3041');
INSERT INTO horizonapi.characters (id, slug, name, image_path, culture, gender, profession, status, eyes_color, hair_color, birth_date, death_date) VALUES (346, 'revikka', 'Revikka', 'revikka.png', 'Tenakth', 'Female', 'No data', 'No data', 'No data', 'No data', 'No data', 'No data');
INSERT INTO horizonapi.characters (id, slug, name, image_path, culture, gender, profession, status, eyes_color, hair_color, birth_date, death_date) VALUES (347, 'rhetta', 'Rhetta', 'rhetta.png', 'Tenakth', 'Male', 'No data', 'No data', 'No data', 'No data', 'No data', 'No data');
INSERT INTO horizonapi.characters (id, slug, name, image_path, culture, gender, profession, status, eyes_color, hair_color, birth_date, death_date) VALUES (348, 'ritakka', 'Ritakka', 'ritakka.png', 'TenakthCarja (formerly)', 'Female', 'Soldier', 'No data', 'Gray', 'Blonde', 'No data', 'No data');
INSERT INTO horizonapi.characters (id, slug, name, image_path, culture, gender, profession, status, eyes_color, hair_color, birth_date, death_date) VALUES (349, 'rokko', 'Rokko', 'rokko.png', 'Tenakth', 'Male', 'No data', 'No data', 'No data', 'No data', 'c. mid-3020s', 'No data');
INSERT INTO horizonapi.characters (id, slug, name, image_path, culture, gender, profession, status, eyes_color, hair_color, birth_date, death_date) VALUES (350, 'rukka', 'Rukka', 'rukka.png', 'Tenakth', 'Female', 'Scout', 'Alive', 'No data', 'No data', 'No data', 'No data');
INSERT INTO horizonapi.characters (id, slug, name, image_path, culture, gender, profession, status, eyes_color, hair_color, birth_date, death_date) VALUES (351, 'runda', 'Runda', 'runda.png', 'Oseram', 'Female', 'Salvager', 'No data', 'No data', 'No data', 'No data', 'No data');
INSERT INTO horizonapi.characters (id, slug, name, image_path, culture, gender, profession, status, eyes_color, hair_color, birth_date, death_date) VALUES (352, 'rushavid', 'Rushavid', 'rushavid.png', 'Carja', 'No data', 'Merchant', 'Alive', 'No data', 'No data', 'No data', 'No data');
INSERT INTO horizonapi.characters (id, slug, name, image_path, culture, gender, profession, status, eyes_color, hair_color, birth_date, death_date) VALUES (353, 'salma', 'Salma', 'salma.png', 'Oseram', 'Female', 'Machine Strike Player', 'No data', 'No data', 'No data', 'No data', 'No data');
INSERT INTO horizonapi.characters (id, slug, name, image_path, culture, gender, profession, status, eyes_color, hair_color, birth_date, death_date) VALUES (354, 'savohar', 'Savohar', 'savohar.png', 'Shadow Carja', 'Male', 'No data', 'No data', 'No data', 'White', 'No data', '3041');
INSERT INTO horizonapi.characters (id, slug, name, image_path, culture, gender, profession, status, eyes_color, hair_color, birth_date, death_date) VALUES (355, 'sentekka', 'Sentekka', 'sentekka.png', 'Tenakth', 'Female', 'No data', 'No data', 'Brown', 'Black', 'No data', 'No data');
INSERT INTO horizonapi.characters (id, slug, name, image_path, culture, gender, profession, status, eyes_color, hair_color, birth_date, death_date) VALUES (356, 'serivva', 'Serivva', 'serivva.png', 'Tenakth', 'Female', 'No data', 'No data', 'No data', 'No data', 'No data', 'No data');
INSERT INTO horizonapi.characters (id, slug, name, image_path, culture, gender, profession, status, eyes_color, hair_color, birth_date, death_date) VALUES (357, 'shael', 'Shael', 'shael.png', 'Utaru', 'Female', 'No data', 'No data', 'No data', 'No data', 'No data', 'No data');
INSERT INTO horizonapi.characters (id, slug, name, image_path, culture, gender, profession, status, eyes_color, hair_color, birth_date, death_date) VALUES (358, 'shakella', 'Shakella', 'shakella.png', 'Tenakth', 'Female', 'No data', 'No data', 'No data', 'No data', 'No data', 'No data');
INSERT INTO horizonapi.characters (id, slug, name, image_path, culture, gender, profession, status, eyes_color, hair_color, birth_date, death_date) VALUES (359, 'silga', 'Silga', 'silga.png', 'Oseram', 'Female', 'No data', 'No data', 'No data', 'No data', 'No data', 'No data');
INSERT INTO horizonapi.characters (id, slug, name, image_path, culture, gender, profession, status, eyes_color, hair_color, birth_date, death_date) VALUES (360, 'sokorra', 'Sokorra', 'sokorra.png', 'Tenakth', 'Female', 'No data', 'No data', 'No data', 'No data', 'No data', 'No data');
INSERT INTO horizonapi.characters (id, slug, name, image_path, culture, gender, profession, status, eyes_color, hair_color, birth_date, death_date) VALUES (361, 'sonkai', 'Sonkai', 'sonkai.png', 'Quen', 'Female', 'No data', 'No data', 'No data', 'No data', 'No data', 'No data');
INSERT INTO horizonapi.characters (id, slug, name, image_path, culture, gender, profession, status, eyes_color, hair_color, birth_date, death_date) VALUES (362, 'stemmur-wordsmith', 'Stemmur Wordsmith', 'stemmur-wordsmith.png', 'Oseram', 'Male', 'Showman', 'No data', 'No data', 'No data', 'No data', 'No data');
INSERT INTO horizonapi.characters (id, slug, name, image_path, culture, gender, profession, status, eyes_color, hair_color, birth_date, death_date) VALUES (363, 'teikka', 'Teikka', 'teikka.png', 'Tenakth', 'Female', 'No data', 'No data', 'No data', 'No data', 'No data', 'No data');
INSERT INTO horizonapi.characters (id, slug, name, image_path, culture, gender, profession, status, eyes_color, hair_color, birth_date, death_date) VALUES (364, 'tekotteh', 'Tekotteh', 'tekotteh.png', 'Tenakth', 'Male', 'No data', 'No data', 'No data', 'No data', 'No data', 'No data');
INSERT INTO horizonapi.characters (id, slug, name, image_path, culture, gender, profession, status, eyes_color, hair_color, birth_date, death_date) VALUES (365, 'telga', 'Telga', 'telga.png', 'Oseram', 'Female', 'No data', 'No data', 'No data', 'No data', 'No data', 'No data');
INSERT INTO horizonapi.characters (id, slug, name, image_path, culture, gender, profession, status, eyes_color, hair_color, birth_date, death_date) VALUES (366, 'tenallo', 'Tenallo', 'tenallo.png', 'Tenakth', 'Male', 'No data', 'No data', 'No data', 'No data', 'No data', 'No data');
INSERT INTO horizonapi.characters (id, slug, name, image_path, culture, gender, profession, status, eyes_color, hair_color, birth_date, death_date) VALUES (367, 'terakka', 'Terakka', 'terakka.png', 'Tenakth', 'Female', 'No data', 'No data', 'No data', 'No data', 'No data', 'No data');
INSERT INTO horizonapi.characters (id, slug, name, image_path, culture, gender, profession, status, eyes_color, hair_color, birth_date, death_date) VALUES (368, 'the-enduring', 'The Enduring', 'the-enduring.png', 'Tenakth', 'Female', 'No data', 'No data', 'No data', 'No data', 'No data', 'No data');
INSERT INTO horizonapi.characters (id, slug, name, image_path, culture, gender, profession, status, eyes_color, hair_color, birth_date, death_date) VALUES (369, 'theoa', 'Theoa', 'theoa.png', 'Quen', 'Female', 'Marine', 'No data', 'No data', 'No data', 'No data', 'No data');
INSERT INTO horizonapi.characters (id, slug, name, image_path, culture, gender, profession, status, eyes_color, hair_color, birth_date, death_date) VALUES (370, 'thorden', 'Thorden', 'thorden.png', 'Oseram', 'Male', 'Miner', 'No data', 'No data', 'No data', 'No data', 'No data');
INSERT INTO horizonapi.characters (id, slug, name, image_path, culture, gender, profession, status, eyes_color, hair_color, birth_date, death_date) VALUES (371, 'thurlis', 'Thurlis', 'thurlis.png', 'Oseram', 'Male', 'Merchant', 'No data', 'No data', 'No data', 'No data', 'No data');
INSERT INTO horizonapi.characters (id, slug, name, image_path, culture, gender, profession, status, eyes_color, hair_color, birth_date, death_date) VALUES (372, 'tilda-van-der-meer', 'Tilda van der Meer', 'tilda-van-der-meer.png', 'Old Ones (Dutch)', 'Female', 'No data', 'Deceased', 'Green', 'Blonde', 'c. 2025', '3041');
INSERT INTO horizonapi.characters (id, slug, name, image_path, culture, gender, profession, status, eyes_color, hair_color, birth_date, death_date) VALUES (373, 'tolland-cleanbroker', 'Tolland Cleanbroker', 'tolland-cleanbroker.png', 'Oseram', 'Male', 'No data', 'No data', 'No data', 'No data', 'No data', 'No data');
INSERT INTO horizonapi.characters (id, slug, name, image_path, culture, gender, profession, status, eyes_color, hair_color, birth_date, death_date) VALUES (374, 'ulvund-freeholder', 'Ulvund Freeholder', 'ulvund-freeholder.png', 'Oseram', 'Male', 'No data', 'No data', 'No data', 'No data', 'No data', 'No data');
INSERT INTO horizonapi.characters (id, slug, name, image_path, culture, gender, profession, status, eyes_color, hair_color, birth_date, death_date) VALUES (375, 'untalla', 'Untalla', 'untalla.png', 'Tenakth', 'Female', 'Merchant', 'No data', 'No data', 'No data', 'No data', 'No data');
INSERT INTO horizonapi.characters (id, slug, name, image_path, culture, gender, profession, status, eyes_color, hair_color, birth_date, death_date) VALUES (376, 'urekka', 'Urekka', 'urekka.png', 'Tenakth', 'Female', 'No data', 'No data', 'No data', 'No data', 'No data', 'No data');
INSERT INTO horizonapi.characters (id, slug, name, image_path, culture, gender, profession, status, eyes_color, hair_color, birth_date, death_date) VALUES (377, 'uvveh', 'Uvveh', 'uvveh.png', 'Tenakth', 'Male', 'No data', 'No data', 'No data', 'No data', 'No data', 'No data');
INSERT INTO horizonapi.characters (id, slug, name, image_path, culture, gender, profession, status, eyes_color, hair_color, birth_date, death_date) VALUES (378, 'valgend', 'Valgend', 'valgend.png', 'Oseram', 'No data', 'Miner', 'Alive', 'No data', 'No data', 'No data', 'No data');
INSERT INTO horizonapi.characters (id, slug, name, image_path, culture, gender, profession, status, eyes_color, hair_color, birth_date, death_date) VALUES (379, 'vaus', 'Vaus', 'vaus.png', 'Utaru', 'Male', 'No data', 'No data', 'No data', 'No data', 'No data', 'No data');
INSERT INTO horizonapi.characters (id, slug, name, image_path, culture, gender, profession, status, eyes_color, hair_color, birth_date, death_date) VALUES (380, 'ven', 'Ven', 'ven.png', 'Utaru', 'Male', 'Hunter', 'No data', 'No data', 'No data', 'No data', 'No data');
INSERT INTO horizonapi.characters (id, slug, name, image_path, culture, gender, profession, status, eyes_color, hair_color, birth_date, death_date) VALUES (381, 'verbena-sutter', 'Verbena Sutter', 'verbena-sutter.png', 'Old Ones', 'Female', 'Influencer', 'Deceased', 'No data', 'No data', 'c. 2037 or earlier', '3041 Outside the Ninmah Research');
INSERT INTO horizonapi.characters (id, slug, name, image_path, culture, gender, profession, status, eyes_color, hair_color, birth_date, death_date) VALUES (382, 'veter', 'Veter', 'veter.png', 'Quen', 'Female', 'No data', 'No data', 'No data', 'No data', 'No data', 'No data');
INSERT INTO horizonapi.characters (id, slug, name, image_path, culture, gender, profession, status, eyes_color, hair_color, birth_date, death_date) VALUES (383, 'vetteh', 'Vetteh', 'vetteh.png', 'Tenakth', 'Male', 'No data', 'No data', 'No data', 'No data', 'No data', 'No data');
INSERT INTO horizonapi.characters (id, slug, name, image_path, culture, gender, profession, status, eyes_color, hair_color, birth_date, death_date) VALUES (384, 'vezreh', 'Vezreh', 'vezreh.png', 'Shadow Carja', 'Male', 'No data', 'No data', 'No data', 'No data', 'No data', 'No data');
INSERT INTO horizonapi.characters (id, slug, name, image_path, culture, gender, profession, status, eyes_color, hair_color, birth_date, death_date) VALUES (385, 'vikallo', 'Vikallo', 'vikallo.png', 'Tenakth', 'Male', 'No data', 'No data', 'No data', 'No data', 'No data', 'No data');
INSERT INTO horizonapi.characters (id, slug, name, image_path, culture, gender, profession, status, eyes_color, hair_color, birth_date, death_date) VALUES (386, 'vintalla', 'Vintalla', 'vintalla.png', 'Tenakth', 'Female', 'No data', 'No data', 'Green', 'Black', 'No data', 'No data');
INSERT INTO horizonapi.characters (id, slug, name, image_path, culture, gender, profession, status, eyes_color, hair_color, birth_date, death_date) VALUES (387, 'virakk', 'Virakk', 'virakk.png', 'Tenakth', 'Male', 'No data', 'No data', 'No data', 'No data', 'No data', 'No data');
INSERT INTO horizonapi.characters (id, slug, name, image_path, culture, gender, profession, status, eyes_color, hair_color, birth_date, death_date) VALUES (388, 'volma', 'Volma', 'volma.png', 'Oseram', 'Female', 'No data', 'No data', 'No data', 'No data', 'No data', 'No data');
INSERT INTO horizonapi.characters (id, slug, name, image_path, culture, gender, profession, status, eyes_color, hair_color, birth_date, death_date) VALUES (389, 'vuadis', 'Vuadis', 'vuadis.png', 'Carja', 'Male', 'No data', 'Deceased', 'No data', 'No data', 'No data', '3041 Outside Barren');
INSERT INTO horizonapi.characters (id, slug, name, image_path, culture, gender, profession, status, eyes_color, hair_color, birth_date, death_date) VALUES (390, 'wekatta', 'Wekatta', 'wekatta.png', 'Tenakth', 'No data', 'No data', 'No data', 'Green', 'Black', 'No data', 'No data');
INSERT INTO horizonapi.characters (id, slug, name, image_path, culture, gender, profession, status, eyes_color, hair_color, birth_date, death_date) VALUES (391, 'wikkoh', 'Wikkoh', 'wikkoh.png', 'Tenakth', 'Male', 'No data', 'No data', 'No data', 'No data', 'No data', 'No data');
INSERT INTO horizonapi.characters (id, slug, name, image_path, culture, gender, profession, status, eyes_color, hair_color, birth_date, death_date) VALUES (392, 'yarra', 'Yarra', 'yarra.png', 'Tenakth', 'Female', 'No data', 'No data', 'No data', 'No data', 'No data', 'No data');
INSERT INTO horizonapi.characters (id, slug, name, image_path, culture, gender, profession, status, eyes_color, hair_color, birth_date, death_date) VALUES (393, 'ybril', 'Ybril', 'ybril.png', 'Carja', 'Male', 'Soldier', 'No data', 'No data', 'Brown', 'No data', 'No data');
INSERT INTO horizonapi.characters (id, slug, name, image_path, culture, gender, profession, status, eyes_color, hair_color, birth_date, death_date) VALUES (394, 'yef', 'Yef', 'yef.png', 'Utaru', 'Male', 'No data', 'No data', 'No data', 'No data', 'No data', 'No data');
INSERT INTO horizonapi.characters (id, slug, name, image_path, culture, gender, profession, status, eyes_color, hair_color, birth_date, death_date) VALUES (395, 'yivekka', 'Yivekka', 'yivekka.png', 'Tenakth', 'Female', 'No data', 'No data', 'No data', 'No data', 'No data', 'No data');
INSERT INTO horizonapi.characters (id, slug, name, image_path, culture, gender, profession, status, eyes_color, hair_color, birth_date, death_date) VALUES (396, 'yull', 'Yull', 'yull.png', 'Utaru', 'Female', 'No data', 'No data', 'No data', 'No data', 'No data', 'No data');
INSERT INTO horizonapi.characters (id, slug, name, image_path, culture, gender, profession, status, eyes_color, hair_color, birth_date, death_date) VALUES (397, 'zekotto', 'Zekotto', 'zekotto.png', 'Tenakth', 'No data', 'No data', 'No data', 'No data', 'No data', 'No data', 'No data');
INSERT INTO horizonapi.characters (id, slug, name, image_path, culture, gender, profession, status, eyes_color, hair_color, birth_date, death_date) VALUES (398, 'zella', 'Zella', 'zella.png', 'Tenakth', 'Female', 'No data', 'No data', 'No data', 'No data', 'No data', 'No data');
INSERT INTO horizonapi.characters (id, slug, name, image_path, culture, gender, profession, status, eyes_color, hair_color, birth_date, death_date) VALUES (399, 'zikka', 'Zikka', 'zikka.png', 'Tenakth', 'Female', 'No data', 'No data', 'No data', 'No data', 'No data', 'No data');
INSERT INTO horizonapi.characters (id, slug, name, image_path, culture, gender, profession, status, eyes_color, hair_color, birth_date, death_date) VALUES (400, 'ziverra', 'Ziverra', 'ziverra.png', 'UtaruTenakth (formerly)', 'Female', 'No data', 'No data', 'No data', 'No data', 'No data', 'No data');
INSERT INTO horizonapi.characters (id, slug, name, image_path, culture, gender, profession, status, eyes_color, hair_color, birth_date, death_date) VALUES (401, 'zo', 'Zo', 'zo.png', 'Utaru', 'Female', 'GravesingerHealer (formerly)', 'No data', 'Brown', 'No data', 'No data', 'No data');
INSERT INTO horizonapi.characters (id, slug, name, image_path, culture, gender, profession, status, eyes_color, hair_color, birth_date, death_date) VALUES (402, 'zokkah', 'Zokkah', 'zokkah.png', 'Tenakth', 'Male', 'Painter', 'No data', 'No data', 'No data', 'No data', 'No data');
INSERT INTO horizonapi.characters (id, slug, name, image_path, culture, gender, profession, status, eyes_color, hair_color, birth_date, death_date) VALUES (403, 'artor', 'Artor', 'artor.png', 'Quen', 'Male', 'No data', 'No data', 'No data', 'No data', 'No data', 'No data');
INSERT INTO horizonapi.characters (id, slug, name, image_path, culture, gender, profession, status, eyes_color, hair_color, birth_date, death_date) VALUES (404, 'aunia', 'Aunia', 'aunia.png', 'Quen', 'Female', 'No data', 'No data', 'No data', 'No data', 'No data', 'No data');
INSERT INTO horizonapi.characters (id, slug, name, image_path, culture, gender, profession, status, eyes_color, hair_color, birth_date, death_date) VALUES (405, 'brenik', 'Brenik', 'brenik.png', 'Quen', 'Male', 'No data', 'No data', 'No data', 'No data', 'No data', 'No data');
INSERT INTO horizonapi.characters (id, slug, name, image_path, culture, gender, profession, status, eyes_color, hair_color, birth_date, death_date) VALUES (406, 'evelyn-day', 'Evelyn Day', 'evelyn-day.png', 'Old Ones', 'Female', 'Actor', 'No data', 'No data', 'Blonde', 'No data', 'No data');
INSERT INTO horizonapi.characters (id, slug, name, image_path, culture, gender, profession, status, eyes_color, hair_color, birth_date, death_date) VALUES (407, 'fedder', 'Fedder', 'fedder.png', 'Quen', 'No data', 'Marine', 'No data', 'No data', 'No data', 'No data', 'No data');
INSERT INTO horizonapi.characters (id, slug, name, image_path, culture, gender, profession, status, eyes_color, hair_color, birth_date, death_date) VALUES (408, 'gerrit', 'Gerrit', 'gerrit.png', 'Quen', 'Male', 'No data', 'No data', 'No data', 'No data', 'No data', 'No data');
INSERT INTO horizonapi.characters (id, slug, name, image_path, culture, gender, profession, status, eyes_color, hair_color, birth_date, death_date) VALUES (409, 'itri', 'Itri', 'itri.png', 'Quen', 'Male', 'No data', 'No data', 'No data', 'No data', 'No data', 'No data');
INSERT INTO horizonapi.characters (id, slug, name, image_path, culture, gender, profession, status, eyes_color, hair_color, birth_date, death_date) VALUES (410, 'jack-hoffman', 'Jack Hoffman', 'jack-hoffman.png', 'Old Ones', 'Male', 'Bodyguard', 'No data', 'No data', 'No data', 'No data', 'No data');
INSERT INTO horizonapi.characters (id, slug, name, image_path, culture, gender, profession, status, eyes_color, hair_color, birth_date, death_date) VALUES (411, 'kina', 'Kina', 'kina.png', 'Quen', 'Female', 'No data', 'No data', 'No data', 'Black', 'No data', 'No data');
INSERT INTO horizonapi.characters (id, slug, name, image_path, culture, gender, profession, status, eyes_color, hair_color, birth_date, death_date) VALUES (412, 'kiral', 'Kiral', 'kiral.png', 'Quen', 'Female', 'No data', 'No data', 'Brown', 'Black', 'No data', 'No data');
INSERT INTO horizonapi.characters (id, slug, name, image_path, culture, gender, profession, status, eyes_color, hair_color, birth_date, death_date) VALUES (413, 'nova', 'Nova', 'nova.png', 'Old Ones', 'Female', 'Personal Assistant', 'No data', 'No data', 'No data', 'No data', 'No data');
INSERT INTO horizonapi.characters (id, slug, name, image_path, culture, gender, profession, status, eyes_color, hair_color, birth_date, death_date) VALUES (414, 'otosu', 'Otosu', 'otosu.png', 'Quen', 'Male', 'No data', 'No data', 'No data', 'No data', 'No data', 'No data');
INSERT INTO horizonapi.characters (id, slug, name, image_path, culture, gender, profession, status, eyes_color, hair_color, birth_date, death_date) VALUES (415, 'peera', 'Peera', 'peera.png', 'Quen', 'Female', 'No data', 'No data', 'No data', 'Blonde', 'No data', 'No data');
INSERT INTO horizonapi.characters (id, slug, name, image_path, culture, gender, profession, status, eyes_color, hair_color, birth_date, death_date) VALUES (416, 'pirik', 'Pirik', 'pirik.png', 'Quen', 'Male', 'No data', 'No data', 'No data', 'No data', 'No data', 'No data');
INSERT INTO horizonapi.characters (id, slug, name, image_path, culture, gender, profession, status, eyes_color, hair_color, birth_date, death_date) VALUES (417, 'rheng', 'Rheng', 'rheng.png', 'Quen', 'Male', 'No data', 'Alive', 'No data', 'No data', 'No data', 'No data');
INSERT INTO horizonapi.characters (id, slug, name, image_path, culture, gender, profession, status, eyes_color, hair_color, birth_date, death_date) VALUES (418, 'rokomo', 'Rokomo', 'rokomo.png', 'Quen', 'Male', 'Risk Specialist', 'Alive', 'No data', 'No data', 'No data', 'No data');
INSERT INTO horizonapi.characters (id, slug, name, image_path, culture, gender, profession, status, eyes_color, hair_color, birth_date, death_date) VALUES (419, 'ron', 'Ron', 'ron.png', 'Old Ones', 'Male', 'Soldier', 'Deceased', 'No data', 'No data', 'January 17, unknown year', 'c. November 2065');
INSERT INTO horizonapi.characters (id, slug, name, image_path, culture, gender, profession, status, eyes_color, hair_color, birth_date, death_date) VALUES (420, 'seyka', 'Seyka', 'seyka.png', 'Quen', 'Female', 'Marine', 'Alive', 'Brown', 'Black', 'No data', 'No data');
INSERT INTO horizonapi.characters (id, slug, name, image_path, culture, gender, profession, status, eyes_color, hair_color, birth_date, death_date) VALUES (421, 'ulrey', 'Ulrey', 'ulrey.png', 'Quen', 'Male', 'No data', 'No data', 'No data', 'No data', 'No data', 'No data');
INSERT INTO horizonapi.characters (id, slug, name, image_path, culture, gender, profession, status, eyes_color, hair_color, birth_date, death_date) VALUES (422, 'valea', 'Valea', 'valea.png', 'Quen', 'Female', 'Marine', 'No data', 'No data', 'Brown', 'No data', 'No data');
INSERT INTO horizonapi.characters (id, slug, name, image_path, culture, gender, profession, status, eyes_color, hair_color, birth_date, death_date) VALUES (423, 'walter-londra', 'Walter Londra', 'walter-londra.png', 'Old Ones', 'Male', 'No data', 'Deceased', 'Brown', 'Grey', 'No data', '3041 Burning Shores');
INSERT INTO horizonapi.characters (id, slug, name, image_path, culture, gender, profession, status, eyes_color, hair_color, birth_date, death_date) VALUES (424, 'zeth', 'Zeth', 'zeth.png', 'Quen', 'Male', 'Marine', 'No data', 'No data', 'No data', 'No data', 'No data');
INSERT INTO horizonapi.characters (id, slug, name, image_path, culture, gender, profession, status, eyes_color, hair_color, birth_date, death_date) VALUES (425, 'banukai', 'Banukai', 'banukai.png', 'Banuk', 'Female', 'No data', 'Deceased', 'No data', 'No data', 'No data', 'No data');
INSERT INTO horizonapi.characters (id, slug, name, image_path, culture, gender, profession, status, eyes_color, hair_color, birth_date, death_date) VALUES (426, 'ili', 'Ili', 'ili.png', 'Banuk', 'Female', 'No data', 'No data', 'No data', 'No data', 'No data', 'No data');
INSERT INTO horizonapi.characters (id, slug, name, image_path, culture, gender, profession, status, eyes_color, hair_color, birth_date, death_date) VALUES (427, 'kutani', 'Kutani', 'kutani.png', 'Banuk', 'No data', 'No data', 'Alive', 'No data', 'No data', 'No data', 'No data');
INSERT INTO horizonapi.characters (id, slug, name, image_path, culture, gender, profession, status, eyes_color, hair_color, birth_date, death_date) VALUES (428, 'shamans', 'Shamans', 'shamans.png', 'No data', 'No data', 'No data', 'No data', 'No data', 'No data', 'No data', 'No data');
INSERT INTO horizonapi.characters (id, slug, name, image_path, culture, gender, profession, status, eyes_color, hair_color, birth_date, death_date) VALUES (429, 'signak', 'Signak', 'signak.png', 'Banuk', 'Male', 'No data', 'Deceased', 'No data', 'No data', 'No data', 'Years prior to Horizon Zero Dawn');
INSERT INTO horizonapi.characters (id, slug, name, image_path, culture, gender, profession, status, eyes_color, hair_color, birth_date, death_date) VALUES (430, 'tektuk', 'Tektuk', 'tektuk.png', 'Banuk', 'Male', 'No data', 'No data', 'Blue', 'No data', 'Years prior to Horizon Zero Dawn', 'No data');
INSERT INTO horizonapi.characters (id, slug, name, image_path, culture, gender, profession, status, eyes_color, hair_color, birth_date, death_date) VALUES (431, 'amavad', 'Amavad', 'amavad.png', 'Carja', 'Male', 'No data', 'No data', 'No data', 'No data', 'No data', 'No data');
INSERT INTO horizonapi.characters (id, slug, name, image_path, culture, gender, profession, status, eyes_color, hair_color, birth_date, death_date) VALUES (432, 'aram', 'Aram', 'aram.png', 'Carja', 'Male', 'AuthorExplorer', 'No data', 'No data', 'No data', 'No data', 'No data');
INSERT INTO horizonapi.characters (id, slug, name, image_path, culture, gender, profession, status, eyes_color, hair_color, birth_date, death_date) VALUES (433, 'araman', 'Araman', 'araman.png', 'Carja', 'Male', 'No data', 'Deceased', 'No data', 'No data', 'No data', 'No data');
INSERT INTO horizonapi.characters (id, slug, name, image_path, culture, gender, profession, status, eyes_color, hair_color, birth_date, death_date) VALUES (434, 'basadid', 'Basadid', 'basadid.png', 'Carja', 'No data', 'No data', 'No data', 'No data', 'No data', 'No data', 'No data');
INSERT INTO horizonapi.characters (id, slug, name, image_path, culture, gender, profession, status, eyes_color, hair_color, birth_date, death_date) VALUES (435, 'brativin-khane-padish', 'Brativin Khane Padish', 'brativin-khane-padish.png', 'Carja', 'Male', 'Hunter', 'No data', 'No data', 'No data', 'No data', 'No data');
INSERT INTO horizonapi.characters (id, slug, name, image_path, culture, gender, profession, status, eyes_color, hair_color, birth_date, death_date) VALUES (436, 'carja-guard', 'Carja Guard', 'carja-guard.png', 'No data', 'No data', 'No data', 'No data', 'No data', 'No data', 'No data', 'No data');
INSERT INTO horizonapi.characters (id, slug, name, image_path, culture, gender, profession, status, eyes_color, hair_color, birth_date, death_date) VALUES (437, 'darusiv', 'Darusiv', 'darusiv.png', 'Carja', 'Male', 'Hunter', 'No data', 'No data', 'No data', 'No data', 'No data');
INSERT INTO horizonapi.characters (id, slug, name, image_path, culture, gender, profession, status, eyes_color, hair_color, birth_date, death_date) VALUES (438, 'duvad', 'Duvad', 'duvad.png', 'Carja', 'Male', 'Trapper', 'Alive', 'No data', 'No data', 'No data', 'No data');
INSERT INTO horizonapi.characters (id, slug, name, image_path, culture, gender, profession, status, eyes_color, hair_color, birth_date, death_date) VALUES (439, 'farukawas', 'Farukawas', 'farukawas.png', 'Carja', 'Male', 'Hunter', 'No data', 'No data', 'No data', 'No data', 'No data');
INSERT INTO horizonapi.characters (id, slug, name, image_path, culture, gender, profession, status, eyes_color, hair_color, birth_date, death_date) VALUES (440, 'gediah-kho-veriv', 'Gediah Kho Veriv', 'gediah-kho-veriv.png', 'Carja', 'Male', 'Soldier', 'Deceased', 'No data', 'No data', 'No data', 'No data');
INSERT INTO horizonapi.characters (id, slug, name, image_path, culture, gender, profession, status, eyes_color, hair_color, birth_date, death_date) VALUES (441, 'ghalidid', 'Ghalidid', 'ghalidid.png', 'Carja', 'Male', 'Hunter', 'No data', 'No data', 'No data', 'No data', 'No data');
INSERT INTO horizonapi.characters (id, slug, name, image_path, culture, gender, profession, status, eyes_color, hair_color, birth_date, death_date) VALUES (442, 'hami', 'Hami', 'hami.png', 'Carja', 'Female', 'Soldier', 'No data', 'No data', 'No data', 'No data', 'No data');
INSERT INTO horizonapi.characters (id, slug, name, image_path, culture, gender, profession, status, eyes_color, hair_color, birth_date, death_date) VALUES (443, 'hivas', 'Hivas', 'hivas.png', 'Carja', 'Male', 'No data', 'No data', 'No data', 'No data', 'No data', 'No data');
INSERT INTO horizonapi.characters (id, slug, name, image_path, culture, gender, profession, status, eyes_color, hair_color, birth_date, death_date) VALUES (444, 'iriv', 'Iriv', 'iriv.png', 'Carja', 'Male', 'Sun-King', 'Deceased', 'No data', 'No data', 'No data', 'No data');
INSERT INTO horizonapi.characters (id, slug, name, image_path, culture, gender, profession, status, eyes_color, hair_color, birth_date, death_date) VALUES (445, 'jiran', 'Jiran', 'jiran.png', 'Carja', 'Male', 'No data', 'Deceased', 'Black', 'Black', 'No data', '3038');
INSERT INTO horizonapi.characters (id, slug, name, image_path, culture, gender, profession, status, eyes_color, hair_color, birth_date, death_date) VALUES (446, 'juwadan', 'Juwadan', 'juwadan.png', 'Carja', 'Male', 'Hunter', 'No data', 'No data', 'No data', 'No data', 'No data');
INSERT INTO horizonapi.characters (id, slug, name, image_path, culture, gender, profession, status, eyes_color, hair_color, birth_date, death_date) VALUES (447, 'kadaman', 'Kadaman', 'kadaman.png', 'Carja', 'No data', 'No data', 'Deceased', 'No data', 'No data', 'c. 2998 or earlier', 'c. 3038');
INSERT INTO horizonapi.characters (id, slug, name, image_path, culture, gender, profession, status, eyes_color, hair_color, birth_date, death_date) VALUES (448, 'kavad', 'Kavad', 'kavad.png', 'Carja', 'Male', 'Soldier', 'No data', 'No data', 'Brown', 'No data', '3040');
INSERT INTO horizonapi.characters (id, slug, name, image_path, culture, gender, profession, status, eyes_color, hair_color, birth_date, death_date) VALUES (449, 'khuvadin', 'Khuvadin', 'khuvadin.png', 'Carja', 'Male', 'No data', 'No data', 'No data', 'No data', 'No data', 'No data');
INSERT INTO horizonapi.characters (id, slug, name, image_path, culture, gender, profession, status, eyes_color, hair_color, birth_date, death_date) VALUES (450, 'khuvam', 'Khuvam', 'khuvam.png', 'Carja', 'Male', 'Hunter', 'No data', 'No data', 'No data', 'No data', 'No data');
INSERT INTO horizonapi.characters (id, slug, name, image_path, culture, gender, profession, status, eyes_color, hair_color, birth_date, death_date) VALUES (451, 'kyran', 'Kyran', 'kyran.png', 'Carja', 'Male', 'Hunter', 'Deceased', 'No data', 'No data', 'No data', 'No data');
INSERT INTO horizonapi.characters (id, slug, name, image_path, culture, gender, profession, status, eyes_color, hair_color, birth_date, death_date) VALUES (452, 'marzid', 'Marzid', 'marzid.png', 'Carja', 'Male', 'Painter', 'Deceased', 'No data', 'No data', 'No data', 'No data');
INSERT INTO horizonapi.characters (id, slug, name, image_path, culture, gender, profession, status, eyes_color, hair_color, birth_date, death_date) VALUES (453, 'masarad', 'Masarad', 'masarad.png', 'Carja', 'Male', 'No data', 'Deceased', 'No data', 'No data', 'No data', 'No data');
INSERT INTO horizonapi.characters (id, slug, name, image_path, culture, gender, profession, status, eyes_color, hair_color, birth_date, death_date) VALUES (454, 'nahasis', 'Nahasis', 'nahasis.png', 'Carja', 'Male', 'Hunter', 'No data', 'No data', 'No data', 'No data', 'No data');
INSERT INTO horizonapi.characters (id, slug, name, image_path, culture, gender, profession, status, eyes_color, hair_color, birth_date, death_date) VALUES (455, 'pashaman', 'Pashaman', 'pashaman.png', 'Carja', 'No data', 'No data', 'No data', 'No data', 'No data', 'No data', 'No data');
INSERT INTO horizonapi.characters (id, slug, name, image_path, culture, gender, profession, status, eyes_color, hair_color, birth_date, death_date) VALUES (456, 'ranan', 'Ranan', 'ranan.png', 'Carja', 'Male', 'No data', 'No data', 'No data', 'No data', 'No data', 'No data');
INSERT INTO horizonapi.characters (id, slug, name, image_path, culture, gender, profession, status, eyes_color, hair_color, birth_date, death_date) VALUES (457, 'sadahin', 'Sadahin', 'sadahin.png', 'Carja', 'Male', 'No data', 'No data', 'No data', 'No data', 'No data', 'No data');
INSERT INTO horizonapi.characters (id, slug, name, image_path, culture, gender, profession, status, eyes_color, hair_color, birth_date, death_date) VALUES (458, 'sadeva', 'Sadeva', 'sadeva.png', 'Carja', 'Female', 'Mercenary', 'No data', 'No data', 'No data', 'No data', 'No data');
INSERT INTO horizonapi.characters (id, slug, name, image_path, culture, gender, profession, status, eyes_color, hair_color, birth_date, death_date) VALUES (459, 'sun-kings', 'Sun-Kings', 'sun-kings.png', 'No data', 'No data', 'No data', 'No data', 'No data', 'No data', 'No data', 'No data');
INSERT INTO horizonapi.characters (id, slug, name, image_path, culture, gender, profession, status, eyes_color, hair_color, birth_date, death_date) VALUES (460, 'sun-priests', 'Sun-Priests', 'sun-priests.png', 'No data', 'No data', 'No data', 'No data', 'No data', 'No data', 'No data', 'No data');
INSERT INTO horizonapi.characters (id, slug, name, image_path, culture, gender, profession, status, eyes_color, hair_color, birth_date, death_date) VALUES (461, 'talavad-khane-padish', 'Talavad Khane Padish', 'talavad-khane-padish.png', 'Carja', 'Male', 'Hunter', 'No data', 'No data', 'No data', 'No data', 'No data');
INSERT INTO horizonapi.characters (id, slug, name, image_path, culture, gender, profession, status, eyes_color, hair_color, birth_date, death_date) VALUES (462, 'talvo', 'Talvo', 'talvo.png', 'Carja', 'Male', 'No data', 'Alive', 'No data', 'No data', 'No data', 'No data');
INSERT INTO horizonapi.characters (id, slug, name, image_path, culture, gender, profession, status, eyes_color, hair_color, birth_date, death_date) VALUES (463, 'tarkas', 'Tarkas', 'tarkas.png', 'Carja', 'Male', 'No data', 'Deceased', 'No data', 'No data', 'No data', '3040');
INSERT INTO horizonapi.characters (id, slug, name, image_path, culture, gender, profession, status, eyes_color, hair_color, birth_date, death_date) VALUES (464, 'tashadi', 'Tashadi', 'tashadi.png', 'Carja', 'No data', 'Court envoy', 'Alive', 'No data', 'No data', 'No data', 'No data');
INSERT INTO horizonapi.characters (id, slug, name, image_path, culture, gender, profession, status, eyes_color, hair_color, birth_date, death_date) VALUES (465, 'udain', 'Udain', 'udain.png', 'Carja', 'Male', 'Healer', 'No data', 'No data', 'No data', 'No data', 'No data');
INSERT INTO horizonapi.characters (id, slug, name, image_path, culture, gender, profession, status, eyes_color, hair_color, birth_date, death_date) VALUES (466, 'urid', 'Urid', 'urid.png', 'Carja', 'Male', 'Soldier', 'No data', 'No data', 'Bald', 'No data', 'No data');
INSERT INTO horizonapi.characters (id, slug, name, image_path, culture, gender, profession, status, eyes_color, hair_color, birth_date, death_date) VALUES (467, 'zavarad', 'Zavarad', 'zavarad.png', 'Carja', 'Male', 'No data', 'No data', 'No data', 'No data', 'No data', 'No data');
INSERT INTO horizonapi.characters (id, slug, name, image_path, culture, gender, profession, status, eyes_color, hair_color, birth_date, death_date) VALUES (468, 'alana', 'Alana', 'alana.png', 'Nora', 'Female', 'No data', 'Deceased', 'No data', 'No data', 'No data', 'Sometime before 3020');
INSERT INTO horizonapi.characters (id, slug, name, image_path, culture, gender, profession, status, eyes_color, hair_color, birth_date, death_date) VALUES (469, 'high-matriarchs', 'High Matriarchs', 'high-matriarchs.png', 'No data', 'No data', 'No data', 'No data', 'No data', 'No data', 'No data', 'No data');
INSERT INTO horizonapi.characters (id, slug, name, image_path, culture, gender, profession, status, eyes_color, hair_color, birth_date, death_date) VALUES (470, 'outcasts', 'Outcasts', 'outcasts.png', 'No data', 'No data', 'No data', 'No data', 'No data', 'No data', 'No data', 'No data');
INSERT INTO horizonapi.characters (id, slug, name, image_path, culture, gender, profession, status, eyes_color, hair_color, birth_date, death_date) VALUES (471, 'rost', 'Rost', 'rost.png', 'Nora', 'Male', 'No data', 'Deceased', 'Gray', 'Brown', 'No data', '3039');
INSERT INTO horizonapi.characters (id, slug, name, image_path, culture, gender, profession, status, eyes_color, hair_color, birth_date, death_date) VALUES (472, 'elgrund', 'Elgrund', 'elgrund.png', 'Oseram', 'Male', 'No data', 'No data', 'No data', 'No data', 'No data', 'No data');
INSERT INTO horizonapi.characters (id, slug, name, image_path, culture, gender, profession, status, eyes_color, hair_color, birth_date, death_date) VALUES (473, 'hegeda-bladewife', 'Hegeda Bladewife', 'hegeda-bladewife.png', 'Oseram', 'Female', 'Law Enforcer', 'No data', 'No data', 'No data', 'No data', 'No data');
INSERT INTO horizonapi.characters (id, slug, name, image_path, culture, gender, profession, status, eyes_color, hair_color, birth_date, death_date) VALUES (474, 'korgund', 'Korgund', 'korgund.png', 'Oseram', 'Male', 'Blacksmith', 'No data', 'No data', 'No data', 'No data', 'No data');
INSERT INTO horizonapi.characters (id, slug, name, image_path, culture, gender, profession, status, eyes_color, hair_color, birth_date, death_date) VALUES (475, 'korl', 'Korl', 'korl.png', 'Oseram', 'Male', 'Freebooter (formerly)', 'Deceased', 'No data', 'No data', 'No data', '3040');
INSERT INTO horizonapi.characters (id, slug, name, image_path, culture, gender, profession, status, eyes_color, hair_color, birth_date, death_date) VALUES (476, 'radel', 'Radel', 'radel.png', 'Oseram', 'Female', 'No data', 'No data', 'No data', 'No data', 'No data', 'No data');
INSERT INTO horizonapi.characters (id, slug, name, image_path, culture, gender, profession, status, eyes_color, hair_color, birth_date, death_date) VALUES (477, 'tinkers', 'Tinkers', 'tinkers.png', 'No data', 'No data', 'No data', 'No data', 'No data', 'No data', 'No data', 'No data');
INSERT INTO horizonapi.characters (id, slug, name, image_path, culture, gender, profession, status, eyes_color, hair_color, birth_date, death_date) VALUES (478, 'vanguard', 'Vanguard', 'vanguard.png', 'No data', 'No data', 'No data', 'No data', 'No data', 'No data', 'No data', 'No data');
INSERT INTO horizonapi.characters (id, slug, name, image_path, culture, gender, profession, status, eyes_color, hair_color, birth_date, death_date) VALUES (479, 'elika', 'Elika', 'elika.png', 'Quen', 'Female', 'No data', 'No data', 'No data', 'No data', 'No data', 'No data');
INSERT INTO horizonapi.characters (id, slug, name, image_path, culture, gender, profession, status, eyes_color, hair_color, birth_date, death_date) VALUES (480, 'emperor-of-the-quen', 'Emperor of the Quen', 'emperor-of-the-quen.png', 'Quen', 'Male[1]', 'No data', 'No data', 'No data', 'No data', 'No data', 'No data');
INSERT INTO horizonapi.characters (id, slug, name, image_path, culture, gender, profession, status, eyes_color, hair_color, birth_date, death_date) VALUES (481, 'federa', 'Federa', 'federa.png', 'Quen', 'Female', 'Diviner', 'No data', 'No data', 'No data', 'No data', 'No data');
INSERT INTO horizonapi.characters (id, slug, name, image_path, culture, gender, profession, status, eyes_color, hair_color, birth_date, death_date) VALUES (482, 'kari', 'Kari', 'kari.png', 'Quen', 'Female', 'Cook', 'No data', 'No data', 'No data', 'No data', 'No data');
INSERT INTO horizonapi.characters (id, slug, name, image_path, culture, gender, profession, status, eyes_color, hair_color, birth_date, death_date) VALUES (483, 'malva', 'Malva', 'malva.png', 'Quen', 'Female', 'Cook', 'No data', 'No data', 'No data', 'No data', 'No data');
INSERT INTO horizonapi.characters (id, slug, name, image_path, culture, gender, profession, status, eyes_color, hair_color, birth_date, death_date) VALUES (484, 'ryas', 'Ryas', 'ryas.png', 'Shadow Carja', 'Male', 'Soldier', 'No data', 'No data', 'No data', 'No data', 'No data');
INSERT INTO horizonapi.characters (id, slug, name, image_path, culture, gender, profession, status, eyes_color, hair_color, birth_date, death_date) VALUES (485, 'chaplains', 'Chaplains', 'chaplains.png', 'No data', 'No data', 'No data', 'No data', 'No data', 'No data', 'No data', 'No data');
INSERT INTO horizonapi.characters (id, slug, name, image_path, culture, gender, profession, status, eyes_color, hair_color, birth_date, death_date) VALUES (486, 'desert-clan-members', 'Desert Clan members', 'desert-clan-members.png', 'No data', 'No data', 'No data', 'No data', 'No data', 'No data', 'No data', 'No data');
INSERT INTO horizonapi.characters (id, slug, name, image_path, culture, gender, profession, status, eyes_color, hair_color, birth_date, death_date) VALUES (487, 'lowland-clan-members', 'Lowland Clan members', 'lowland-clan-members.png', 'No data', 'No data', 'No data', 'No data', 'No data', 'No data', 'No data', 'No data');
INSERT INTO horizonapi.characters (id, slug, name, image_path, culture, gender, profession, status, eyes_color, hair_color, birth_date, death_date) VALUES (488, 'sky-clan-members', 'Sky Clan members', 'sky-clan-members.png', 'No data', 'No data', 'No data', 'No data', 'No data', 'No data', 'No data', 'No data');
INSERT INTO horizonapi.characters (id, slug, name, image_path, culture, gender, profession, status, eyes_color, hair_color, birth_date, death_date) VALUES (489, 'aaron-herres', 'Aaron Herres', 'aaron-herres.png', 'Old Ones', 'Male', 'No data', 'No data', 'No data', 'No data', 'No data', 'c. January 2066');
INSERT INTO horizonapi.characters (id, slug, name, image_path, culture, gender, profession, status, eyes_color, hair_color, birth_date, death_date) VALUES (490, 'ames-guliyev', 'Ames Guliyev', 'ames-guliyev.png', 'Old Ones', 'Male', 'No data', 'No data', 'No data', 'No data', 'No data', 'No data');
INSERT INTO horizonapi.characters (id, slug, name, image_path, culture, gender, profession, status, eyes_color, hair_color, birth_date, death_date) VALUES (491, 'anders-larsen', 'Anders Larsen', 'anders-larsen.png', 'Old Ones', 'No data', 'No data', 'Deceased', 'No data', 'No data', 'Sometime before 2036', 'February 2, 2066');
INSERT INTO horizonapi.characters (id, slug, name, image_path, culture, gender, profession, status, eyes_color, hair_color, birth_date, death_date) VALUES (492, 'august', 'August', 'august.png', 'Old Ones', 'Male', 'No data', 'Deceased', 'No data', 'No data', 'c. 2056', '2064-2065');
INSERT INTO horizonapi.characters (id, slug, name, image_path, culture, gender, profession, status, eyes_color, hair_color, birth_date, death_date) VALUES (493, 'ayomide-okilo', 'Ayomide Okilo', 'ayomide-okilo.png', 'Old Ones', 'Female', 'No data', 'Deceased', 'No data', 'No data', 'Sometime before 2036', 'February 2, 2066');
INSERT INTO horizonapi.characters (id, slug, name, image_path, culture, gender, profession, status, eyes_color, hair_color, birth_date, death_date) VALUES (494, 'brad-andac', 'Brad Andac', 'brad-andac.png', 'Old Ones', 'Male', 'Programmer', 'No data', 'No data', 'No data', 'No data', 'No data');
INSERT INTO horizonapi.characters (id, slug, name, image_path, culture, gender, profession, status, eyes_color, hair_color, birth_date, death_date) VALUES (495, 'brianna', 'Brianna', 'brianna.png', 'Old Ones', 'Female', 'Holo-singer', 'No data', 'No data', 'No data', 'No data', 'No data');
INSERT INTO horizonapi.characters (id, slug, name, image_path, culture, gender, profession, status, eyes_color, hair_color, birth_date, death_date) VALUES (496, 'catalina-garcia-fernandez', 'Catalina Garcia Fernandez', 'catalina-garcia-fernandez.png', 'Old Ones', 'No data', 'No data', 'Deceased', 'No data', 'No data', 'Sometime before 2036', 'February 2, 2066');
INSERT INTO horizonapi.characters (id, slug, name, image_path, culture, gender, profession, status, eyes_color, hair_color, birth_date, death_date) VALUES (497, 'charles-ronson', 'Charles Ronson', 'charles-ronson.png', 'Old Ones', 'Male', 'No data', 'Deceased', 'Brown', 'No data', 'Sometime before 2036', 'February 2, 2066');
INSERT INTO horizonapi.characters (id, slug, name, image_path, culture, gender, profession, status, eyes_color, hair_color, birth_date, death_date) VALUES (498, 'christina-hsu-vhey', 'Christina Hsu-Vhey', 'christina-hsu-vhey.png', 'Old Ones', 'Female', 'Historian', 'No data', 'No data', 'No data', 'No data', 'No data');
INSERT INTO horizonapi.characters (id, slug, name, image_path, culture, gender, profession, status, eyes_color, hair_color, birth_date, death_date) VALUES (499, 'connor-chasson', 'Connor Chasson', 'connor-chasson.png', 'Old Ones', 'Male', 'No data', 'Deceased', 'No data', 'No data', 'No data', '2066');
INSERT INTO horizonapi.characters (id, slug, name, image_path, culture, gender, profession, status, eyes_color, hair_color, birth_date, death_date) VALUES (500, 'devin-miller', 'Devin Miller', 'devin-miller.png', 'Old Ones', 'Male', 'No data', 'Deceased', 'No data', 'No data', 'No data', 'January 12th, 3012');
INSERT INTO horizonapi.characters (id, slug, name, image_path, culture, gender, profession, status, eyes_color, hair_color, birth_date, death_date) VALUES (501, 'edward-de-la-hoya', 'Edward De La Hoya', 'edward-de-la-hoya.png', 'Old Ones', 'Male', 'Soldier', 'No data', 'No data', 'No data', 'No data', 'No data');
INSERT INTO horizonapi.characters (id, slug, name, image_path, culture, gender, profession, status, eyes_color, hair_color, birth_date, death_date) VALUES (502, 'eileen-sasaki', 'Eileen Sasaki', 'eileen-sasaki.png', 'Old Ones', 'Female', 'No data', 'No data', 'No data', 'No data', 'No data', 'No data');
INSERT INTO horizonapi.characters (id, slug, name, image_path, culture, gender, profession, status, eyes_color, hair_color, birth_date, death_date) VALUES (503, 'elisabet-sobeck', 'Elisabet Sobeck', 'elisabet-sobeck.png', 'Old Ones (American)', 'Female', 'Engineer Roboticist Scientist', 'Deceased', 'Green', 'Red', 'March 11, 2020', 'January 2066');
INSERT INTO horizonapi.characters (id, slug, name, image_path, culture, gender, profession, status, eyes_color, hair_color, birth_date, death_date) VALUES (504, 'ella-pontes', 'Ella Pontes', 'ella-pontes.png', 'Old Ones', 'Female', 'No data', 'Deceased', 'No data', 'No data', 'No data', 'January 2066');
INSERT INTO horizonapi.characters (id, slug, name, image_path, culture, gender, profession, status, eyes_color, hair_color, birth_date, death_date) VALUES (505, 'ellen-evans', 'Ellen Evans', 'ellen-evans.png', 'Old Ones', 'Female', 'No data', 'Deceased', 'No data', 'No data', 'No data', 'January 2066');
INSERT INTO horizonapi.characters (id, slug, name, image_path, culture, gender, profession, status, eyes_color, hair_color, birth_date, death_date) VALUES (506, 'far-zenith-members', 'Far Zenith members', 'far-zenith-members.png', 'No data', 'No data', 'No data', 'No data', 'No data', 'No data', 'No data', 'No data');
INSERT INTO horizonapi.characters (id, slug, name, image_path, culture, gender, profession, status, eyes_color, hair_color, birth_date, death_date) VALUES (507, 'faro-automated-solutions-employees', 'Faro Automated Solutions employees', 'faro-automated-solutions-employees.png', 'No data', 'No data', 'No data', 'No data', 'No data', 'No data', 'No data', 'No data');
INSERT INTO horizonapi.characters (id, slug, name, image_path, culture, gender, profession, status, eyes_color, hair_color, birth_date, death_date) VALUES (508, 'fiona-murell', 'Fiona Murell', 'fiona-murell.png', 'Old Ones', 'Female', 'No data', 'Deceased', 'No data', 'No data', 'No data', '2066');
INSERT INTO horizonapi.characters (id, slug, name, image_path, culture, gender, profession, status, eyes_color, hair_color, birth_date, death_date) VALUES (509, 'grigori-fasbach', 'Grigori Fasbach', 'grigori-fasbach.png', 'Old Ones', 'Male', 'Spiritual Guru', 'Deceased', 'No data', 'No data', 'No data', 'c. a few years post-2066');
INSERT INTO horizonapi.characters (id, slug, name, image_path, culture, gender, profession, status, eyes_color, hair_color, birth_date, death_date) VALUES (510, 'hank-shaw', 'Hank Shaw', 'hank-shaw.png', 'Old Ones', 'Male', 'No data', 'Deceased', 'No data', 'No data', 'No data', 'No data');
INSERT INTO horizonapi.characters (id, slug, name, image_path, culture, gender, profession, status, eyes_color, hair_color, birth_date, death_date) VALUES (511, 'harriet-choi', 'Harriet Choi', 'harriet-choi.png', 'Old Ones', 'Female', 'Bioterrorist', 'Deceased', 'No data', 'No data', 'c. 2009', 'September 2, 2063');
INSERT INTO horizonapi.characters (id, slug, name, image_path, culture, gender, profession, status, eyes_color, hair_color, birth_date, death_date) VALUES (512, 'jackson-frye', 'Jackson Frye', 'jackson-frye.png', 'Old Ones', 'Male', 'No data', 'Deceased', 'No data', 'No data', 'No data', 'c. January 2066');
INSERT INTO horizonapi.characters (id, slug, name, image_path, culture, gender, profession, status, eyes_color, hair_color, birth_date, death_date) VALUES (513, 'kenzo-sasaki', 'Kenzo Sasaki', 'kenzo-sasaki.png', 'Old Ones (presumably Japanese)', 'Male', 'No data', 'No data', 'No data', 'No data', 'No data', 'No data');
INSERT INTO horizonapi.characters (id, slug, name, image_path, culture, gender, profession, status, eyes_color, hair_color, birth_date, death_date) VALUES (514, 'lana-acosta', 'Lana Acosta', 'lana-acosta.png', 'No data', 'Female', 'Soldier', 'Deceased', 'No data', 'No data', 'No data', '2066');
INSERT INTO horizonapi.characters (id, slug, name, image_path, culture, gender, profession, status, eyes_color, hair_color, birth_date, death_date) VALUES (515, 'lillian-barnett', 'Lillian Barnett', 'lillian-barnett.png', 'Old Ones', 'Female', 'Pilot', 'No data', 'No data', 'No data', 'No data', 'No data');
INSERT INTO horizonapi.characters (id, slug, name, image_path, culture, gender, profession, status, eyes_color, hair_color, birth_date, death_date) VALUES (516, 'margo-shen', 'Margo Shn', 'margo-shen.png', 'Old Ones', 'Female', 'No data', 'Deceased', 'Brown', 'Brown', 'c. 2036', 'February 2, 2066');
INSERT INTO horizonapi.characters (id, slug, name, image_path, culture, gender, profession, status, eyes_color, hair_color, birth_date, death_date) VALUES (517, 'marni-jephords', 'Marni Jephords', 'marni-jephords.png', 'Old Ones', 'Female', 'No data', 'No data', 'No data', 'No data', 'No data', 'No data');
INSERT INTO horizonapi.characters (id, slug, name, image_path, culture, gender, profession, status, eyes_color, hair_color, birth_date, death_date) VALUES (518, 'mia-sayied', 'Mia Sayied', 'mia-sayied.png', 'Old Ones', 'Female', 'No data', 'Deceased', 'No data', 'No data', 'No data', 'c. January 2066');
INSERT INTO horizonapi.characters (id, slug, name, image_path, culture, gender, profession, status, eyes_color, hair_color, birth_date, death_date) VALUES (519, 'miriam', 'Miriam', 'miriam.png', 'Old Ones', 'Female', 'No data', 'Deceased', 'No data', 'No data', 'No data', 'No data');
INSERT INTO horizonapi.characters (id, slug, name, image_path, culture, gender, profession, status, eyes_color, hair_color, birth_date, death_date) VALUES (520, 'patrick-brochard-klein', 'Patrick Brochard-Klein', 'patrick-brochard-klein.png', 'Old Ones', 'Male', 'No data', 'Deceased', 'Brown', 'Black', 'Prior to 2036', 'February 2, 2066');
INSERT INTO horizonapi.characters (id, slug, name, image_path, culture, gender, profession, status, eyes_color, hair_color, birth_date, death_date) VALUES (521, 'peter-tshivhumbe', 'Peter Tshivhumbe', 'peter-tshivhumbe.png', 'Old Ones', 'Male', 'Investor', 'No data', 'No data', 'No data', 'No data', 'No data');
INSERT INTO horizonapi.characters (id, slug, name, image_path, culture, gender, profession, status, eyes_color, hair_color, birth_date, death_date) VALUES (522, 'project-firebreak-employees', 'Project Firebreak employees', 'project-firebreak-employees.png', 'No data', 'No data', 'No data', 'No data', 'No data', 'No data', 'No data', 'No data');
INSERT INTO horizonapi.characters (id, slug, name, image_path, culture, gender, profession, status, eyes_color, hair_color, birth_date, death_date) VALUES (523, 'roberto-medina', 'Roberto Medina', 'roberto-medina.png', 'Old Ones', 'Male', 'No data', 'No data', 'No data', 'No data', 'No data', 'No data');
INSERT INTO horizonapi.characters (id, slug, name, image_path, culture, gender, profession, status, eyes_color, hair_color, birth_date, death_date) VALUES (524, 'ron-felder', 'Ron Felder', 'ron-felder.png', 'Old Ones', 'Male', 'Aerospace Engineer', 'No data', 'No data', 'No data', 'No data', 'No data');
INSERT INTO horizonapi.characters (id, slug, name, image_path, culture, gender, profession, status, eyes_color, hair_color, birth_date, death_date) VALUES (525, 'roshana-guliyev', 'Roshana Guliyev', 'roshana-guliyev.png', 'Old Ones', 'Female', 'No data', 'No data', 'No data', 'No data', 'No data', 'No data');
INSERT INTO horizonapi.characters (id, slug, name, image_path, culture, gender, profession, status, eyes_color, hair_color, birth_date, death_date) VALUES (526, 'samina-ebadji', 'Samina Ebadji', 'samina-ebadji.png', 'Old Ones', 'Female', 'No data', 'Deceased', 'Brown', 'No data', 'Prior to 2036', 'February 2, 2066');
INSERT INTO horizonapi.characters (id, slug, name, image_path, culture, gender, profession, status, eyes_color, hair_color, birth_date, death_date) VALUES (527, 'sergeant-devenish', 'Sergeant Devenish', 'sergeant-devenish.png', 'Old Ones', 'No data', 'No data', 'No data', 'No data', 'No data', 'No data', 'No data');
INSERT INTO horizonapi.characters (id, slug, name, image_path, culture, gender, profession, status, eyes_color, hair_color, birth_date, death_date) VALUES (528, 'skylar-rivera', 'Skylar Rivera', 'skylar-rivera.png', 'Old Ones', 'Female', 'No data', 'Deceased', 'No data', 'No data', 'No data', 'c. 2066');
INSERT INTO horizonapi.characters (id, slug, name, image_path, culture, gender, profession, status, eyes_color, hair_color, birth_date, death_date) VALUES (529, 'susanne-alpert', 'Susanne Alpert', 'susanne-alpert.png', 'Old Ones', 'Female', 'Environmental Scientist', 'Deceased', 'No data', 'No data', 'No data', 'c. 2064-2065');
INSERT INTO horizonapi.characters (id, slug, name, image_path, culture, gender, profession, status, eyes_color, hair_color, birth_date, death_date) VALUES (530, 'tanaka-naoto', 'Tanaka Naoto', 'tanaka-naoto.png', 'Old Ones', 'No data', 'No data', 'Deceased', 'No data', 'No data', 'Sometime before 2036', 'February 2, 2066');
INSERT INTO horizonapi.characters (id, slug, name, image_path, culture, gender, profession, status, eyes_color, hair_color, birth_date, death_date) VALUES (531, 'tom-paech', 'Tom Paech', 'tom-paech.png', 'Old Ones', 'Male', 'No data', 'Deceased', 'No data', 'No data', 'No data', 'January 2066');
INSERT INTO horizonapi.characters (id, slug, name, image_path, culture, gender, profession, status, eyes_color, hair_color, birth_date, death_date) VALUES (532, 'travis-tate', 'Travis Tate', 'travis-tate.png', 'Old Ones', 'Male', 'Data Security Consultant', 'Deceased', 'Brown', 'Blond', 'Sometime before 2036', 'February 2, 2066');
INSERT INTO horizonapi.characters (id, slug, name, image_path, culture, gender, profession, status, eyes_color, hair_color, birth_date, death_date) VALUES (533, 'usizo-wandari', 'Usizo Wandari', 'usizo-wandari.png', 'Old Ones', 'Male', 'No data', 'Deceased', 'No data', 'No data', 'No data', 'c. January 2066');
INSERT INTO horizonapi.characters (id, slug, name, image_path, culture, gender, profession, status, eyes_color, hair_color, birth_date, death_date) VALUES (534, 'vandana-sarai', 'Vandana Sarai', 'vandana-sarai.png', 'Old Ones', 'Female', 'No data', 'Deceased', 'No data', 'No data', 'c. 2030s', 'January 2066');
INSERT INTO horizonapi.characters (id, slug, name, image_path, culture, gender, profession, status, eyes_color, hair_color, birth_date, death_date) VALUES (535, 'wyatt-mahante', 'Wyatt Mahante', 'wyatt-mahante.png', 'No data', 'No data', 'No data', 'No data', 'No data', 'No data', 'No data', 'No data');
INSERT INTO horizonapi.characters (id, slug, name, image_path, culture, gender, profession, status, eyes_color, hair_color, birth_date, death_date) VALUES (536, 'yana-mills', 'Yana Mills', 'yana-mills.png', 'Old Ones', 'Female', 'Soldier', 'Deceased', 'No data', 'No data', 'No data', '2066');


--
-- Data for Name: character_game; Type: TABLE DATA; Schema: horizonapi; Owner: postgres
--

INSERT INTO horizonapi.character_game (id_character, id_game) VALUES (3, 1);
INSERT INTO horizonapi.character_game (id_character, id_game) VALUES (3, 7);
INSERT INTO horizonapi.character_game (id_character, id_game) VALUES (4, 1);
INSERT INTO horizonapi.character_game (id_character, id_game) VALUES (4, 2);
INSERT INTO horizonapi.character_game (id_character, id_game) VALUES (4, 3);
INSERT INTO horizonapi.character_game (id_character, id_game) VALUES (4, 4);
INSERT INTO horizonapi.character_game (id_character, id_game) VALUES (4, 5);
INSERT INTO horizonapi.character_game (id_character, id_game) VALUES (4, 6);
INSERT INTO horizonapi.character_game (id_character, id_game) VALUES (4, 7);
INSERT INTO horizonapi.character_game (id_character, id_game) VALUES (7, 1);
INSERT INTO horizonapi.character_game (id_character, id_game) VALUES (7, 7);
INSERT INTO horizonapi.character_game (id_character, id_game) VALUES (8, 1);
INSERT INTO horizonapi.character_game (id_character, id_game) VALUES (8, 7);
INSERT INTO horizonapi.character_game (id_character, id_game) VALUES (10, 1);
INSERT INTO horizonapi.character_game (id_character, id_game) VALUES (10, 3);
INSERT INTO horizonapi.character_game (id_character, id_game) VALUES (10, 7);
INSERT INTO horizonapi.character_game (id_character, id_game) VALUES (11, 1);
INSERT INTO horizonapi.character_game (id_character, id_game) VALUES (11, 7);
INSERT INTO horizonapi.character_game (id_character, id_game) VALUES (14, 1);
INSERT INTO horizonapi.character_game (id_character, id_game) VALUES (14, 7);
INSERT INTO horizonapi.character_game (id_character, id_game) VALUES (15, 1);
INSERT INTO horizonapi.character_game (id_character, id_game) VALUES (15, 7);
INSERT INTO horizonapi.character_game (id_character, id_game) VALUES (17, 1);
INSERT INTO horizonapi.character_game (id_character, id_game) VALUES (17, 7);
INSERT INTO horizonapi.character_game (id_character, id_game) VALUES (18, 1);
INSERT INTO horizonapi.character_game (id_character, id_game) VALUES (18, 7);
INSERT INTO horizonapi.character_game (id_character, id_game) VALUES (23, 1);
INSERT INTO horizonapi.character_game (id_character, id_game) VALUES (23, 7);
INSERT INTO horizonapi.character_game (id_character, id_game) VALUES (24, 1);
INSERT INTO horizonapi.character_game (id_character, id_game) VALUES (24, 7);
INSERT INTO horizonapi.character_game (id_character, id_game) VALUES (27, 1);
INSERT INTO horizonapi.character_game (id_character, id_game) VALUES (27, 7);
INSERT INTO horizonapi.character_game (id_character, id_game) VALUES (28, 1);
INSERT INTO horizonapi.character_game (id_character, id_game) VALUES (28, 7);
INSERT INTO horizonapi.character_game (id_character, id_game) VALUES (31, 1);
INSERT INTO horizonapi.character_game (id_character, id_game) VALUES (31, 7);
INSERT INTO horizonapi.character_game (id_character, id_game) VALUES (33, 1);
INSERT INTO horizonapi.character_game (id_character, id_game) VALUES (33, 7);
INSERT INTO horizonapi.character_game (id_character, id_game) VALUES (34, 1);
INSERT INTO horizonapi.character_game (id_character, id_game) VALUES (34, 3);
INSERT INTO horizonapi.character_game (id_character, id_game) VALUES (34, 7);
INSERT INTO horizonapi.character_game (id_character, id_game) VALUES (35, 1);
INSERT INTO horizonapi.character_game (id_character, id_game) VALUES (35, 7);
INSERT INTO horizonapi.character_game (id_character, id_game) VALUES (36, 1);
INSERT INTO horizonapi.character_game (id_character, id_game) VALUES (36, 7);
INSERT INTO horizonapi.character_game (id_character, id_game) VALUES (38, 1);
INSERT INTO horizonapi.character_game (id_character, id_game) VALUES (38, 7);
INSERT INTO horizonapi.character_game (id_character, id_game) VALUES (40, 1);
INSERT INTO horizonapi.character_game (id_character, id_game) VALUES (40, 3);
INSERT INTO horizonapi.character_game (id_character, id_game) VALUES (40, 7);
INSERT INTO horizonapi.character_game (id_character, id_game) VALUES (44, 1);
INSERT INTO horizonapi.character_game (id_character, id_game) VALUES (44, 7);
INSERT INTO horizonapi.character_game (id_character, id_game) VALUES (46, 1);
INSERT INTO horizonapi.character_game (id_character, id_game) VALUES (46, 7);
INSERT INTO horizonapi.character_game (id_character, id_game) VALUES (50, 1);
INSERT INTO horizonapi.character_game (id_character, id_game) VALUES (50, 7);
INSERT INTO horizonapi.character_game (id_character, id_game) VALUES (51, 1);
INSERT INTO horizonapi.character_game (id_character, id_game) VALUES (51, 7);
INSERT INTO horizonapi.character_game (id_character, id_game) VALUES (52, 1);
INSERT INTO horizonapi.character_game (id_character, id_game) VALUES (52, 7);
INSERT INTO horizonapi.character_game (id_character, id_game) VALUES (53, 1);
INSERT INTO horizonapi.character_game (id_character, id_game) VALUES (53, 7);
INSERT INTO horizonapi.character_game (id_character, id_game) VALUES (54, 1);
INSERT INTO horizonapi.character_game (id_character, id_game) VALUES (54, 3);
INSERT INTO horizonapi.character_game (id_character, id_game) VALUES (54, 7);
INSERT INTO horizonapi.character_game (id_character, id_game) VALUES (56, 1);
INSERT INTO horizonapi.character_game (id_character, id_game) VALUES (56, 7);
INSERT INTO horizonapi.character_game (id_character, id_game) VALUES (58, 1);
INSERT INTO horizonapi.character_game (id_character, id_game) VALUES (58, 7);
INSERT INTO horizonapi.character_game (id_character, id_game) VALUES (59, 1);
INSERT INTO horizonapi.character_game (id_character, id_game) VALUES (59, 7);
INSERT INTO horizonapi.character_game (id_character, id_game) VALUES (60, 1);
INSERT INTO horizonapi.character_game (id_character, id_game) VALUES (60, 7);
INSERT INTO horizonapi.character_game (id_character, id_game) VALUES (62, 1);
INSERT INTO horizonapi.character_game (id_character, id_game) VALUES (62, 7);
INSERT INTO horizonapi.character_game (id_character, id_game) VALUES (63, 1);
INSERT INTO horizonapi.character_game (id_character, id_game) VALUES (63, 7);
INSERT INTO horizonapi.character_game (id_character, id_game) VALUES (65, 1);
INSERT INTO horizonapi.character_game (id_character, id_game) VALUES (65, 7);
INSERT INTO horizonapi.character_game (id_character, id_game) VALUES (68, 1);
INSERT INTO horizonapi.character_game (id_character, id_game) VALUES (68, 7);
INSERT INTO horizonapi.character_game (id_character, id_game) VALUES (71, 1);
INSERT INTO horizonapi.character_game (id_character, id_game) VALUES (71, 7);
INSERT INTO horizonapi.character_game (id_character, id_game) VALUES (72, 1);
INSERT INTO horizonapi.character_game (id_character, id_game) VALUES (72, 7);
INSERT INTO horizonapi.character_game (id_character, id_game) VALUES (75, 1);
INSERT INTO horizonapi.character_game (id_character, id_game) VALUES (75, 7);
INSERT INTO horizonapi.character_game (id_character, id_game) VALUES (76, 1);
INSERT INTO horizonapi.character_game (id_character, id_game) VALUES (76, 7);
INSERT INTO horizonapi.character_game (id_character, id_game) VALUES (77, 1);
INSERT INTO horizonapi.character_game (id_character, id_game) VALUES (77, 7);
INSERT INTO horizonapi.character_game (id_character, id_game) VALUES (78, 1);
INSERT INTO horizonapi.character_game (id_character, id_game) VALUES (78, 7);
INSERT INTO horizonapi.character_game (id_character, id_game) VALUES (82, 1);
INSERT INTO horizonapi.character_game (id_character, id_game) VALUES (82, 7);
INSERT INTO horizonapi.character_game (id_character, id_game) VALUES (83, 1);
INSERT INTO horizonapi.character_game (id_character, id_game) VALUES (83, 7);
INSERT INTO horizonapi.character_game (id_character, id_game) VALUES (84, 1);
INSERT INTO horizonapi.character_game (id_character, id_game) VALUES (84, 7);
INSERT INTO horizonapi.character_game (id_character, id_game) VALUES (85, 1);
INSERT INTO horizonapi.character_game (id_character, id_game) VALUES (85, 3);
INSERT INTO horizonapi.character_game (id_character, id_game) VALUES (85, 5);
INSERT INTO horizonapi.character_game (id_character, id_game) VALUES (85, 7);
INSERT INTO horizonapi.character_game (id_character, id_game) VALUES (86, 1);
INSERT INTO horizonapi.character_game (id_character, id_game) VALUES (86, 7);
INSERT INTO horizonapi.character_game (id_character, id_game) VALUES (89, 1);
INSERT INTO horizonapi.character_game (id_character, id_game) VALUES (89, 7);
INSERT INTO horizonapi.character_game (id_character, id_game) VALUES (90, 1);
INSERT INTO horizonapi.character_game (id_character, id_game) VALUES (90, 7);
INSERT INTO horizonapi.character_game (id_character, id_game) VALUES (92, 1);
INSERT INTO horizonapi.character_game (id_character, id_game) VALUES (92, 7);
INSERT INTO horizonapi.character_game (id_character, id_game) VALUES (94, 1);
INSERT INTO horizonapi.character_game (id_character, id_game) VALUES (94, 3);
INSERT INTO horizonapi.character_game (id_character, id_game) VALUES (94, 7);
INSERT INTO horizonapi.character_game (id_character, id_game) VALUES (96, 1);
INSERT INTO horizonapi.character_game (id_character, id_game) VALUES (96, 3);
INSERT INTO horizonapi.character_game (id_character, id_game) VALUES (96, 7);
INSERT INTO horizonapi.character_game (id_character, id_game) VALUES (98, 1);
INSERT INTO horizonapi.character_game (id_character, id_game) VALUES (98, 7);
INSERT INTO horizonapi.character_game (id_character, id_game) VALUES (99, 1);
INSERT INTO horizonapi.character_game (id_character, id_game) VALUES (99, 7);
INSERT INTO horizonapi.character_game (id_character, id_game) VALUES (100, 1);
INSERT INTO horizonapi.character_game (id_character, id_game) VALUES (100, 7);
INSERT INTO horizonapi.character_game (id_character, id_game) VALUES (101, 1);
INSERT INTO horizonapi.character_game (id_character, id_game) VALUES (101, 7);
INSERT INTO horizonapi.character_game (id_character, id_game) VALUES (102, 1);
INSERT INTO horizonapi.character_game (id_character, id_game) VALUES (102, 7);
INSERT INTO horizonapi.character_game (id_character, id_game) VALUES (103, 1);
INSERT INTO horizonapi.character_game (id_character, id_game) VALUES (103, 7);
INSERT INTO horizonapi.character_game (id_character, id_game) VALUES (106, 1);
INSERT INTO horizonapi.character_game (id_character, id_game) VALUES (106, 7);
INSERT INTO horizonapi.character_game (id_character, id_game) VALUES (108, 1);
INSERT INTO horizonapi.character_game (id_character, id_game) VALUES (108, 7);
INSERT INTO horizonapi.character_game (id_character, id_game) VALUES (121, 1);
INSERT INTO horizonapi.character_game (id_character, id_game) VALUES (121, 7);
INSERT INTO horizonapi.character_game (id_character, id_game) VALUES (124, 1);
INSERT INTO horizonapi.character_game (id_character, id_game) VALUES (124, 7);
INSERT INTO horizonapi.character_game (id_character, id_game) VALUES (127, 1);
INSERT INTO horizonapi.character_game (id_character, id_game) VALUES (127, 2);
INSERT INTO horizonapi.character_game (id_character, id_game) VALUES (127, 3);
INSERT INTO horizonapi.character_game (id_character, id_game) VALUES (127, 4);
INSERT INTO horizonapi.character_game (id_character, id_game) VALUES (127, 7);
INSERT INTO horizonapi.character_game (id_character, id_game) VALUES (128, 1);
INSERT INTO horizonapi.character_game (id_character, id_game) VALUES (128, 7);
INSERT INTO horizonapi.character_game (id_character, id_game) VALUES (129, 1);
INSERT INTO horizonapi.character_game (id_character, id_game) VALUES (129, 3);
INSERT INTO horizonapi.character_game (id_character, id_game) VALUES (129, 7);
INSERT INTO horizonapi.character_game (id_character, id_game) VALUES (130, 1);
INSERT INTO horizonapi.character_game (id_character, id_game) VALUES (130, 7);
INSERT INTO horizonapi.character_game (id_character, id_game) VALUES (131, 1);
INSERT INTO horizonapi.character_game (id_character, id_game) VALUES (131, 7);
INSERT INTO horizonapi.character_game (id_character, id_game) VALUES (133, 1);
INSERT INTO horizonapi.character_game (id_character, id_game) VALUES (133, 3);
INSERT INTO horizonapi.character_game (id_character, id_game) VALUES (133, 7);
INSERT INTO horizonapi.character_game (id_character, id_game) VALUES (134, 1);
INSERT INTO horizonapi.character_game (id_character, id_game) VALUES (134, 7);
INSERT INTO horizonapi.character_game (id_character, id_game) VALUES (136, 1);
INSERT INTO horizonapi.character_game (id_character, id_game) VALUES (136, 7);
INSERT INTO horizonapi.character_game (id_character, id_game) VALUES (139, 1);
INSERT INTO horizonapi.character_game (id_character, id_game) VALUES (139, 7);
INSERT INTO horizonapi.character_game (id_character, id_game) VALUES (140, 1);
INSERT INTO horizonapi.character_game (id_character, id_game) VALUES (140, 7);
INSERT INTO horizonapi.character_game (id_character, id_game) VALUES (143, 1);
INSERT INTO horizonapi.character_game (id_character, id_game) VALUES (143, 7);
INSERT INTO horizonapi.character_game (id_character, id_game) VALUES (145, 1);
INSERT INTO horizonapi.character_game (id_character, id_game) VALUES (145, 3);
INSERT INTO horizonapi.character_game (id_character, id_game) VALUES (145, 7);
INSERT INTO horizonapi.character_game (id_character, id_game) VALUES (146, 1);
INSERT INTO horizonapi.character_game (id_character, id_game) VALUES (146, 3);
INSERT INTO horizonapi.character_game (id_character, id_game) VALUES (146, 7);
INSERT INTO horizonapi.character_game (id_character, id_game) VALUES (147, 1);
INSERT INTO horizonapi.character_game (id_character, id_game) VALUES (147, 7);
INSERT INTO horizonapi.character_game (id_character, id_game) VALUES (150, 1);
INSERT INTO horizonapi.character_game (id_character, id_game) VALUES (150, 7);
INSERT INTO horizonapi.character_game (id_character, id_game) VALUES (151, 1);
INSERT INTO horizonapi.character_game (id_character, id_game) VALUES (151, 7);
INSERT INTO horizonapi.character_game (id_character, id_game) VALUES (152, 1);
INSERT INTO horizonapi.character_game (id_character, id_game) VALUES (152, 7);
INSERT INTO horizonapi.character_game (id_character, id_game) VALUES (154, 1);
INSERT INTO horizonapi.character_game (id_character, id_game) VALUES (154, 2);
INSERT INTO horizonapi.character_game (id_character, id_game) VALUES (154, 7);
INSERT INTO horizonapi.character_game (id_character, id_game) VALUES (156, 1);
INSERT INTO horizonapi.character_game (id_character, id_game) VALUES (156, 2);
INSERT INTO horizonapi.character_game (id_character, id_game) VALUES (156, 7);
INSERT INTO horizonapi.character_game (id_character, id_game) VALUES (158, 1);
INSERT INTO horizonapi.character_game (id_character, id_game) VALUES (158, 2);
INSERT INTO horizonapi.character_game (id_character, id_game) VALUES (158, 7);
INSERT INTO horizonapi.character_game (id_character, id_game) VALUES (159, 1);
INSERT INTO horizonapi.character_game (id_character, id_game) VALUES (159, 2);
INSERT INTO horizonapi.character_game (id_character, id_game) VALUES (159, 7);
INSERT INTO horizonapi.character_game (id_character, id_game) VALUES (164, 1);
INSERT INTO horizonapi.character_game (id_character, id_game) VALUES (164, 2);
INSERT INTO horizonapi.character_game (id_character, id_game) VALUES (164, 3);
INSERT INTO horizonapi.character_game (id_character, id_game) VALUES (164, 4);
INSERT INTO horizonapi.character_game (id_character, id_game) VALUES (164, 7);
INSERT INTO horizonapi.character_game (id_character, id_game) VALUES (171, 1);
INSERT INTO horizonapi.character_game (id_character, id_game) VALUES (171, 2);
INSERT INTO horizonapi.character_game (id_character, id_game) VALUES (171, 7);
INSERT INTO horizonapi.character_game (id_character, id_game) VALUES (178, 1);
INSERT INTO horizonapi.character_game (id_character, id_game) VALUES (178, 2);
INSERT INTO horizonapi.character_game (id_character, id_game) VALUES (178, 7);
INSERT INTO horizonapi.character_game (id_character, id_game) VALUES (183, 1);
INSERT INTO horizonapi.character_game (id_character, id_game) VALUES (183, 2);
INSERT INTO horizonapi.character_game (id_character, id_game) VALUES (183, 7);
INSERT INTO horizonapi.character_game (id_character, id_game) VALUES (184, 1);
INSERT INTO horizonapi.character_game (id_character, id_game) VALUES (184, 2);
INSERT INTO horizonapi.character_game (id_character, id_game) VALUES (184, 7);
INSERT INTO horizonapi.character_game (id_character, id_game) VALUES (185, 1);
INSERT INTO horizonapi.character_game (id_character, id_game) VALUES (185, 2);
INSERT INTO horizonapi.character_game (id_character, id_game) VALUES (185, 7);
INSERT INTO horizonapi.character_game (id_character, id_game) VALUES (186, 1);
INSERT INTO horizonapi.character_game (id_character, id_game) VALUES (186, 2);
INSERT INTO horizonapi.character_game (id_character, id_game) VALUES (186, 7);
INSERT INTO horizonapi.character_game (id_character, id_game) VALUES (190, 1);
INSERT INTO horizonapi.character_game (id_character, id_game) VALUES (190, 2);
INSERT INTO horizonapi.character_game (id_character, id_game) VALUES (190, 7);
INSERT INTO horizonapi.character_game (id_character, id_game) VALUES (199, 3);
INSERT INTO horizonapi.character_game (id_character, id_game) VALUES (201, 3);
INSERT INTO horizonapi.character_game (id_character, id_game) VALUES (209, 1);
INSERT INTO horizonapi.character_game (id_character, id_game) VALUES (209, 3);
INSERT INTO horizonapi.character_game (id_character, id_game) VALUES (209, 5);
INSERT INTO horizonapi.character_game (id_character, id_game) VALUES (209, 7);
INSERT INTO horizonapi.character_game (id_character, id_game) VALUES (213, 3);
INSERT INTO horizonapi.character_game (id_character, id_game) VALUES (213, 4);
INSERT INTO horizonapi.character_game (id_character, id_game) VALUES (217, 3);
INSERT INTO horizonapi.character_game (id_character, id_game) VALUES (233, 3);
INSERT INTO horizonapi.character_game (id_character, id_game) VALUES (236, 3);
INSERT INTO horizonapi.character_game (id_character, id_game) VALUES (238, 3);
INSERT INTO horizonapi.character_game (id_character, id_game) VALUES (239, 3);
INSERT INTO horizonapi.character_game (id_character, id_game) VALUES (240, 3);
INSERT INTO horizonapi.character_game (id_character, id_game) VALUES (245, 3);
INSERT INTO horizonapi.character_game (id_character, id_game) VALUES (245, 4);
INSERT INTO horizonapi.character_game (id_character, id_game) VALUES (247, 3);
INSERT INTO horizonapi.character_game (id_character, id_game) VALUES (249, 3);
INSERT INTO horizonapi.character_game (id_character, id_game) VALUES (250, 3);
INSERT INTO horizonapi.character_game (id_character, id_game) VALUES (261, 3);
INSERT INTO horizonapi.character_game (id_character, id_game) VALUES (270, 3);
INSERT INTO horizonapi.character_game (id_character, id_game) VALUES (282, 3);
INSERT INTO horizonapi.character_game (id_character, id_game) VALUES (287, 3);
INSERT INTO horizonapi.character_game (id_character, id_game) VALUES (313, 3);
INSERT INTO horizonapi.character_game (id_character, id_game) VALUES (318, 3);
INSERT INTO horizonapi.character_game (id_character, id_game) VALUES (323, 3);
INSERT INTO horizonapi.character_game (id_character, id_game) VALUES (326, 3);
INSERT INTO horizonapi.character_game (id_character, id_game) VALUES (329, 3);
INSERT INTO horizonapi.character_game (id_character, id_game) VALUES (333, 3);
INSERT INTO horizonapi.character_game (id_character, id_game) VALUES (339, 3);
INSERT INTO horizonapi.character_game (id_character, id_game) VALUES (345, 3);
INSERT INTO horizonapi.character_game (id_character, id_game) VALUES (350, 3);
INSERT INTO horizonapi.character_game (id_character, id_game) VALUES (352, 3);
INSERT INTO horizonapi.character_game (id_character, id_game) VALUES (368, 3);
INSERT INTO horizonapi.character_game (id_character, id_game) VALUES (372, 3);
INSERT INTO horizonapi.character_game (id_character, id_game) VALUES (378, 3);
INSERT INTO horizonapi.character_game (id_character, id_game) VALUES (381, 3);
INSERT INTO horizonapi.character_game (id_character, id_game) VALUES (389, 3);
INSERT INTO horizonapi.character_game (id_character, id_game) VALUES (401, 3);
INSERT INTO horizonapi.character_game (id_character, id_game) VALUES (401, 4);
INSERT INTO horizonapi.character_game (id_character, id_game) VALUES (417, 3);
INSERT INTO horizonapi.character_game (id_character, id_game) VALUES (417, 4);
INSERT INTO horizonapi.character_game (id_character, id_game) VALUES (418, 3);
INSERT INTO horizonapi.character_game (id_character, id_game) VALUES (418, 4);
INSERT INTO horizonapi.character_game (id_character, id_game) VALUES (419, 3);
INSERT INTO horizonapi.character_game (id_character, id_game) VALUES (419, 4);
INSERT INTO horizonapi.character_game (id_character, id_game) VALUES (420, 3);
INSERT INTO horizonapi.character_game (id_character, id_game) VALUES (420, 4);
INSERT INTO horizonapi.character_game (id_character, id_game) VALUES (423, 3);
INSERT INTO horizonapi.character_game (id_character, id_game) VALUES (423, 4);
INSERT INTO horizonapi.character_game (id_character, id_game) VALUES (432, 1);
INSERT INTO horizonapi.character_game (id_character, id_game) VALUES (432, 3);
INSERT INTO horizonapi.character_game (id_character, id_game) VALUES (432, 7);
INSERT INTO horizonapi.character_game (id_character, id_game) VALUES (445, 1);
INSERT INTO horizonapi.character_game (id_character, id_game) VALUES (445, 7);
INSERT INTO horizonapi.character_game (id_character, id_game) VALUES (447, 1);
INSERT INTO horizonapi.character_game (id_character, id_game) VALUES (447, 7);
INSERT INTO horizonapi.character_game (id_character, id_game) VALUES (457, 5);
INSERT INTO horizonapi.character_game (id_character, id_game) VALUES (465, 1);
INSERT INTO horizonapi.character_game (id_character, id_game) VALUES (465, 7);
INSERT INTO horizonapi.character_game (id_character, id_game) VALUES (471, 1);
INSERT INTO horizonapi.character_game (id_character, id_game) VALUES (471, 3);
INSERT INTO horizonapi.character_game (id_character, id_game) VALUES (471, 7);
INSERT INTO horizonapi.character_game (id_character, id_game) VALUES (489, 1);
INSERT INTO horizonapi.character_game (id_character, id_game) VALUES (489, 7);
INSERT INTO horizonapi.character_game (id_character, id_game) VALUES (491, 1);
INSERT INTO horizonapi.character_game (id_character, id_game) VALUES (491, 7);
INSERT INTO horizonapi.character_game (id_character, id_game) VALUES (493, 1);
INSERT INTO horizonapi.character_game (id_character, id_game) VALUES (493, 7);
INSERT INTO horizonapi.character_game (id_character, id_game) VALUES (496, 1);
INSERT INTO horizonapi.character_game (id_character, id_game) VALUES (496, 7);
INSERT INTO horizonapi.character_game (id_character, id_game) VALUES (497, 1);
INSERT INTO horizonapi.character_game (id_character, id_game) VALUES (497, 7);
INSERT INTO horizonapi.character_game (id_character, id_game) VALUES (498, 1);
INSERT INTO horizonapi.character_game (id_character, id_game) VALUES (498, 7);
INSERT INTO horizonapi.character_game (id_character, id_game) VALUES (503, 1);
INSERT INTO horizonapi.character_game (id_character, id_game) VALUES (503, 3);
INSERT INTO horizonapi.character_game (id_character, id_game) VALUES (503, 7);
INSERT INTO horizonapi.character_game (id_character, id_game) VALUES (505, 1);
INSERT INTO horizonapi.character_game (id_character, id_game) VALUES (505, 7);
INSERT INTO horizonapi.character_game (id_character, id_game) VALUES (509, 3);
INSERT INTO horizonapi.character_game (id_character, id_game) VALUES (511, 1);
INSERT INTO horizonapi.character_game (id_character, id_game) VALUES (511, 7);
INSERT INTO horizonapi.character_game (id_character, id_game) VALUES (516, 1);
INSERT INTO horizonapi.character_game (id_character, id_game) VALUES (516, 7);
INSERT INTO horizonapi.character_game (id_character, id_game) VALUES (524, 1);
INSERT INTO horizonapi.character_game (id_character, id_game) VALUES (524, 7);
INSERT INTO horizonapi.character_game (id_character, id_game) VALUES (529, 1);
INSERT INTO horizonapi.character_game (id_character, id_game) VALUES (529, 7);
INSERT INTO horizonapi.character_game (id_character, id_game) VALUES (530, 1);
INSERT INTO horizonapi.character_game (id_character, id_game) VALUES (530, 7);
INSERT INTO horizonapi.character_game (id_character, id_game) VALUES (531, 1);
INSERT INTO horizonapi.character_game (id_character, id_game) VALUES (531, 7);
INSERT INTO horizonapi.character_game (id_character, id_game) VALUES (532, 1);
INSERT INTO horizonapi.character_game (id_character, id_game) VALUES (532, 3);
INSERT INTO horizonapi.character_game (id_character, id_game) VALUES (532, 7);
INSERT INTO horizonapi.character_game (id_character, id_game) VALUES (533, 1);
INSERT INTO horizonapi.character_game (id_character, id_game) VALUES (533, 7);


--
-- Data for Name: machines; Type: TABLE DATA; Schema: horizonapi; Owner: postgres
--

INSERT INTO horizonapi.machines (id, slug, name, path_image, size, weight, origin, class) VALUES (1, 'grazer', 'Grazer', 'grazer.png', 'Small', 'Lightweight', 'GAIA', 'Acquisition');
INSERT INTO horizonapi.machines (id, slug, name, path_image, size, weight, origin, class) VALUES (2, 'burrower', 'Burrower', 'burrower.png', 'No data', 'Lightweight', 'GAIA', 'Reconnaissance');
INSERT INTO horizonapi.machines (id, slug, name, path_image, size, weight, origin, class) VALUES (3, 'scrounger', 'Scrounger', 'scrounger.png', 'No data', 'Lightweight', 'No data', 'Acquisition');
INSERT INTO horizonapi.machines (id, slug, name, path_image, size, weight, origin, class) VALUES (4, 'leaplasher', 'Leaplasher', 'leaplasher.png', 'No data', 'Lightweight', 'No data', 'Transport');
INSERT INTO horizonapi.machines (id, slug, name, path_image, size, weight, origin, class) VALUES (5, 'scrapper', 'Scrapper', 'scrapper.png', 'Small', 'Lightweight', 'No data', 'Acquisition');
INSERT INTO horizonapi.machines (id, slug, name, path_image, size, weight, origin, class) VALUES (6, 'spikesnout', 'Spikesnout', 'spikesnout.png', 'No data', 'Lightweight', 'No data', 'Acquisition');
INSERT INTO horizonapi.machines (id, slug, name, path_image, size, weight, origin, class) VALUES (7, 'skydrifter', 'Skydrifter', 'skydrifter.png', 'No data', 'Lightweight', 'No data', 'Recon');
INSERT INTO horizonapi.machines (id, slug, name, path_image, size, weight, origin, class) VALUES (8, 'plowhorn', 'Plowhorn', 'plowhorn.png', 'No data', 'Midweight', 'GAIA', 'Acquisition');
INSERT INTO horizonapi.machines (id, slug, name, path_image, size, weight, origin, class) VALUES (9, 'strider', 'Strider', 'strider.png', 'Small', 'No data', 'No data', 'Acquisition');
INSERT INTO horizonapi.machines (id, slug, name, path_image, size, weight, origin, class) VALUES (10, 'broadhead', 'Broadhead', 'broadhead.png', 'Small', 'No data', 'No data', 'Acquisition');
INSERT INTO horizonapi.machines (id, slug, name, path_image, size, weight, origin, class) VALUES (11, 'charger', 'Charger', 'charger.png', 'Small', 'No data', 'No data', 'Acquisition');
INSERT INTO horizonapi.machines (id, slug, name, path_image, size, weight, origin, class) VALUES (12, 'lancehorn', 'Lancehorn', 'lancehorn.png', 'Small', 'Lightweight', 'GAIA', 'Acquisition');
INSERT INTO horizonapi.machines (id, slug, name, path_image, size, weight, origin, class) VALUES (13, 'longleg', 'Longleg', 'longleg.png', 'Medium', 'Midweight', 'No data', 'Recon');
INSERT INTO horizonapi.machines (id, slug, name, path_image, size, weight, origin, class) VALUES (14, 'bristleback', 'Bristleback', 'bristleback.png', 'No data', 'Midweight', 'No data', 'Acquisition');
INSERT INTO horizonapi.machines (id, slug, name, path_image, size, weight, origin, class) VALUES (15, 'fanghorn', 'Fanghorn', 'fanghorn.png', 'No data', 'Lightweight', 'No data', 'Acquisition');
INSERT INTO horizonapi.machines (id, slug, name, path_image, size, weight, origin, class) VALUES (16, 'watcher', 'Watcher', 'watcher.png', 'Small', 'Lightweight', 'No data', 'Recon');
INSERT INTO horizonapi.machines (id, slug, name, path_image, size, weight, origin, class) VALUES (17, 'redeye-watcher', 'Redeye Watcher', 'redeye-watcher.png', 'Small', 'Lightweight', 'No data', 'Recon');
INSERT INTO horizonapi.machines (id, slug, name, path_image, size, weight, origin, class) VALUES (18, 'widemaw', 'Widemaw', 'widemaw.png', 'No data', 'Midweight', 'GAIA', 'Acquisition');
INSERT INTO horizonapi.machines (id, slug, name, path_image, size, weight, origin, class) VALUES (19, 'clawstrider', 'Clawstrider', 'clawstrider.png', 'No data', 'Midweight', 'No data', 'Combat');
INSERT INTO horizonapi.machines (id, slug, name, path_image, size, weight, origin, class) VALUES (20, 'corruptor', 'Corruptor', 'corruptor.png', 'Medium', 'Midweight', 'Faro Automated Solutions', 'Chariot');
INSERT INTO horizonapi.machines (id, slug, name, path_image, size, weight, origin, class) VALUES (21, 'bellowback-machine', 'Bellowback', 'bellowback-machine.png', 'Medium', 'Midweight', 'No data', 'Transport');
INSERT INTO horizonapi.machines (id, slug, name, path_image, size, weight, origin, class) VALUES (22, 'glinthawk', 'Glinthawk', 'glinthawk.png', 'Small', 'Lightweight', 'GAIA', 'Acquisition');
INSERT INTO horizonapi.machines (id, slug, name, path_image, size, weight, origin, class) VALUES (23, 'shell-walker', 'Shell-Walker', 'shell-walker.png', 'Medium', 'Midweight', 'No data', 'Transport');
INSERT INTO horizonapi.machines (id, slug, name, path_image, size, weight, origin, class) VALUES (24, 'stalker', 'Stalker', 'stalker.png', 'Medium', 'Lightweight', 'GAIA (original model)', 'Combat (current model)');
INSERT INTO horizonapi.machines (id, slug, name, path_image, size, weight, origin, class) VALUES (25, 'grimhorn', 'Grimhorn', 'grimhorn.png', 'No data', 'Midweight', 'HEPHAESTUS', 'Combat');
INSERT INTO horizonapi.machines (id, slug, name, path_image, size, weight, origin, class) VALUES (26, 'sawtooth', 'Sawtooth', 'sawtooth.png', 'Medium', 'Midweight', 'HEPHAESTUS', 'Combat');
INSERT INTO horizonapi.machines (id, slug, name, path_image, size, weight, origin, class) VALUES (27, 'ravager', 'Ravager', 'ravager.png', 'Medium', 'Midweight', 'HEPHAESTUS', 'Combat');
INSERT INTO horizonapi.machines (id, slug, name, path_image, size, weight, origin, class) VALUES (28, 'trampler', 'Trampler', 'trampler.png', 'Medium', 'No data', 'GAIA', 'Acquisition');
INSERT INTO horizonapi.machines (id, slug, name, path_image, size, weight, origin, class) VALUES (29, 'snapmaw', 'Snapmaw', 'snapmaw.png', 'Medium', 'Midweight', 'GAIA', 'Acquisition');
INSERT INTO horizonapi.machines (id, slug, name, path_image, size, weight, origin, class) VALUES (30, 'sunwing', 'Sunwing', 'sunwing.png', 'No data', 'Midweight', 'No data', 'Acquisition');
INSERT INTO horizonapi.machines (id, slug, name, path_image, size, weight, origin, class) VALUES (31, 'waterwing', 'Waterwing', 'waterwing.png', 'No data', 'Midweight', 'No data', 'Acquisition');
INSERT INTO horizonapi.machines (id, slug, name, path_image, size, weight, origin, class) VALUES (32, 'clamberjaw', 'Clamberjaw', 'clamberjaw.png', 'No data', 'Midweight', 'No data', 'Acquisition');
INSERT INTO horizonapi.machines (id, slug, name, path_image, size, weight, origin, class) VALUES (33, 'rollerback', 'Rollerback', 'rollerback.png', 'No data', 'Midweight', 'No data', 'Transport');
INSERT INTO horizonapi.machines (id, slug, name, path_image, size, weight, origin, class) VALUES (34, 'rockbreaker', 'Rockbreaker', 'rockbreaker.png', 'Large', 'Heavyweight', 'GAIA', 'Acquisition');
INSERT INTO horizonapi.machines (id, slug, name, path_image, size, weight, origin, class) VALUES (35, 'behemoth', 'Behemoth', 'behemoth.png', 'Large', 'Heavyweight', 'GAIA', 'Transport');
INSERT INTO horizonapi.machines (id, slug, name, path_image, size, weight, origin, class) VALUES (36, 'dreadwing', 'Dreadwing', 'dreadwing.png', 'No data', 'Heavyweight', 'No data', 'Combat');
INSERT INTO horizonapi.machines (id, slug, name, path_image, size, weight, origin, class) VALUES (37, 'tideripper', 'Tideripper', 'tideripper.png', 'No data', 'Heavyweight', 'No data', 'Acquisition');
INSERT INTO horizonapi.machines (id, slug, name, path_image, size, weight, origin, class) VALUES (38, 'shellsnapper', 'Shellsnapper', 'shellsnapper.png', 'No data', 'Heavyweight', 'No data', 'Combat');
INSERT INTO horizonapi.machines (id, slug, name, path_image, size, weight, origin, class) VALUES (39, 'stormbird', 'Stormbird', 'stormbird.png', 'Large', 'Heavyweight', 'GAIA (original model)', 'Combat (current model)');
INSERT INTO horizonapi.machines (id, slug, name, path_image, size, weight, origin, class) VALUES (40, 'thunderjaw', 'Thunderjaw', 'thunderjaw.png', 'Large', 'Heavyweight', 'HEPHAESTUS', 'Combat');
INSERT INTO horizonapi.machines (id, slug, name, path_image, size, weight, origin, class) VALUES (41, 'frostclaw', 'Frostclaw', 'frostclaw.png', 'Medium', 'Midweight', 'No data', 'Acquisition');
INSERT INTO horizonapi.machines (id, slug, name, path_image, size, weight, origin, class) VALUES (42, 'scorcher', 'Scorcher', 'scorcher.png', 'Medium', 'Midweight', 'HEPHAESTUS', 'Combat');
INSERT INTO horizonapi.machines (id, slug, name, path_image, size, weight, origin, class) VALUES (43, 'slitherfang', 'Slitherfang', 'slitherfang.png', 'No data', 'Heavyweight', 'HEPHAESTUS', 'Combat');
INSERT INTO horizonapi.machines (id, slug, name, path_image, size, weight, origin, class) VALUES (44, 'tremortusk', 'Tremortusk', 'tremortusk.png', 'No data', 'Heavyweight', 'No data', 'Combat');
INSERT INTO horizonapi.machines (id, slug, name, path_image, size, weight, origin, class) VALUES (45, 'fireclaw', 'Fireclaw', 'fireclaw.png', 'Large', 'Heavyweight', 'HEPHAESTUS', 'Acquisition');
INSERT INTO horizonapi.machines (id, slug, name, path_image, size, weight, origin, class) VALUES (46, 'deathbringer', 'Deathbringer', 'deathbringer.png', 'Large', 'No data', 'Faro Automated Solutions', 'Chariot');
INSERT INTO horizonapi.machines (id, slug, name, path_image, size, weight, origin, class) VALUES (47, 'slaughterspine', 'Slaughterspine', 'slaughterspine.png', 'No data', 'Heavyweight', 'HEPHAESTUS', 'Combat');
INSERT INTO horizonapi.machines (id, slug, name, path_image, size, weight, origin, class) VALUES (48, 'tallneck', 'Tallneck', 'tallneck.png', 'Large', 'Heavyweight', 'GAIA', 'Communications (HDZ)');
INSERT INTO horizonapi.machines (id, slug, name, path_image, size, weight, origin, class) VALUES (49, 'specter', 'Specter', 'specter.png', 'No data', 'Midweight', 'Far Zenith', 'Combat');
INSERT INTO horizonapi.machines (id, slug, name, path_image, size, weight, origin, class) VALUES (50, 'specter-prime', 'Specter Prime', 'specter-prime.png', 'No data', 'Heavyweight', 'No data', 'Combat');
INSERT INTO horizonapi.machines (id, slug, name, path_image, size, weight, origin, class) VALUES (51, 'stingspawn', 'Stingspawn', 'stingspawn.png', 'Small', 'Lightweight', 'No data', 'Acquisition');
INSERT INTO horizonapi.machines (id, slug, name, path_image, size, weight, origin, class) VALUES (52, 'bilegut', 'Bilegut', 'bilegut.png', 'No data', 'Heavyweight', 'HEPHAESTUS', 'Acquisition');
INSERT INTO horizonapi.machines (id, slug, name, path_image, size, weight, origin, class) VALUES (53, 'horus', 'Horus', 'horus.png', 'Titan', 'No data', 'Faro Automated Solutions', 'Chariot');
INSERT INTO horizonapi.machines (id, slug, name, path_image, size, weight, origin, class) VALUES (54, 'control-tower', 'Control Tower', 'control-tower.png', 'No data', 'No data', 'HEPHAESTUS', 'No data');
INSERT INTO horizonapi.machines (id, slug, name, path_image, size, weight, origin, class) VALUES (55, 'fire-bellowback', 'Fire Bellowback', 'fire-bellowback.png', 'Medium', 'Midweight', 'No data', 'Transport');
INSERT INTO horizonapi.machines (id, slug, name, path_image, size, weight, origin, class) VALUES (56, 'freeze-bellowback', 'Freeze Bellowback', 'freeze-bellowback.png', 'Medium', 'Midweight', 'No data', 'Transport');


--
-- Data for Name: enemie_cauldron; Type: TABLE DATA; Schema: horizonapi; Owner: postgres
--



--
-- Data for Name: platform; Type: TABLE DATA; Schema: horizonapi; Owner: postgres
--

INSERT INTO horizonapi.platform (id, name) VALUES (1, 'PS5');
INSERT INTO horizonapi.platform (id, name) VALUES (3, 'PS4');
INSERT INTO horizonapi.platform (id, name) VALUES (2, 'Windows PC');
INSERT INTO horizonapi.platform (id, name) VALUES (4, 'Nintendo Switch');


--
-- Data for Name: game_platform; Type: TABLE DATA; Schema: horizonapi; Owner: postgres
--

INSERT INTO horizonapi.game_platform (id_game, id_platform, release_date) VALUES (1, 3, '2017-02-28');
INSERT INTO horizonapi.game_platform (id_game, id_platform, release_date) VALUES (1, 2, '2020-08-07');
INSERT INTO horizonapi.game_platform (id_game, id_platform, release_date) VALUES (2, 3, '2017-11-07');
INSERT INTO horizonapi.game_platform (id_game, id_platform, release_date) VALUES (2, 2, '2020-08-07');
INSERT INTO horizonapi.game_platform (id_game, id_platform, release_date) VALUES (3, 3, '2022-02-18');
INSERT INTO horizonapi.game_platform (id_game, id_platform, release_date) VALUES (3, 1, '2022-02-18');
INSERT INTO horizonapi.game_platform (id_game, id_platform, release_date) VALUES (3, 2, '2024-03-21');
INSERT INTO horizonapi.game_platform (id_game, id_platform, release_date) VALUES (4, 1, '2023-04-19');
INSERT INTO horizonapi.game_platform (id_game, id_platform, release_date) VALUES (4, 2, '2024-03-21');
INSERT INTO horizonapi.game_platform (id_game, id_platform, release_date) VALUES (5, 1, '2023-02-22');
INSERT INTO horizonapi.game_platform (id_game, id_platform, release_date) VALUES (6, 1, '2024-11-14');
INSERT INTO horizonapi.game_platform (id_game, id_platform, release_date) VALUES (6, 2, '2024-11-14');
INSERT INTO horizonapi.game_platform (id_game, id_platform, release_date) VALUES (6, 4, '2024-11-14');
INSERT INTO horizonapi.game_platform (id_game, id_platform, release_date) VALUES (7, 1, '2024-10-31');
INSERT INTO horizonapi.game_platform (id_game, id_platform, release_date) VALUES (7, 2, '2024-10-31');


--
-- Data for Name: machine_cauldron; Type: TABLE DATA; Schema: horizonapi; Owner: postgres
--

INSERT INTO horizonapi.machine_cauldron (id_cauldron, id_machine) VALUES (9, 1);
INSERT INTO horizonapi.machine_cauldron (id_cauldron, id_machine) VALUES (1, 1);
INSERT INTO horizonapi.machine_cauldron (id_cauldron, id_machine) VALUES (9, 2);
INSERT INTO horizonapi.machine_cauldron (id_cauldron, id_machine) VALUES (9, 3);
INSERT INTO horizonapi.machine_cauldron (id_cauldron, id_machine) VALUES (10, 4);
INSERT INTO horizonapi.machine_cauldron (id_cauldron, id_machine) VALUES (9, 5);
INSERT INTO horizonapi.machine_cauldron (id_cauldron, id_machine) VALUES (1, 5);
INSERT INTO horizonapi.machine_cauldron (id_cauldron, id_machine) VALUES (12, 6);
INSERT INTO horizonapi.machine_cauldron (id_cauldron, id_machine) VALUES (10, 7);
INSERT INTO horizonapi.machine_cauldron (id_cauldron, id_machine) VALUES (7, 8);
INSERT INTO horizonapi.machine_cauldron (id_cauldron, id_machine) VALUES (10, 12);
INSERT INTO horizonapi.machine_cauldron (id_cauldron, id_machine) VALUES (1, 12);
INSERT INTO horizonapi.machine_cauldron (id_cauldron, id_machine) VALUES (10, 13);
INSERT INTO horizonapi.machine_cauldron (id_cauldron, id_machine) VALUES (7, 14);
INSERT INTO horizonapi.machine_cauldron (id_cauldron, id_machine) VALUES (9, 15);
INSERT INTO horizonapi.machine_cauldron (id_cauldron, id_machine) VALUES (12, 17);
INSERT INTO horizonapi.machine_cauldron (id_cauldron, id_machine) VALUES (6, 17);
INSERT INTO horizonapi.machine_cauldron (id_cauldron, id_machine) VALUES (9, 18);
INSERT INTO horizonapi.machine_cauldron (id_cauldron, id_machine) VALUES (10, 19);
INSERT INTO horizonapi.machine_cauldron (id_cauldron, id_machine) VALUES (10, 21);
INSERT INTO horizonapi.machine_cauldron (id_cauldron, id_machine) VALUES (3, 21);
INSERT INTO horizonapi.machine_cauldron (id_cauldron, id_machine) VALUES (10, 22);
INSERT INTO horizonapi.machine_cauldron (id_cauldron, id_machine) VALUES (3, 22);
INSERT INTO horizonapi.machine_cauldron (id_cauldron, id_machine) VALUES (12, 23);
INSERT INTO horizonapi.machine_cauldron (id_cauldron, id_machine) VALUES (12, 24);
INSERT INTO horizonapi.machine_cauldron (id_cauldron, id_machine) VALUES (3, 24);
INSERT INTO horizonapi.machine_cauldron (id_cauldron, id_machine) VALUES (7, 25);
INSERT INTO horizonapi.machine_cauldron (id_cauldron, id_machine) VALUES (1, 26);
INSERT INTO horizonapi.machine_cauldron (id_cauldron, id_machine) VALUES (10, 27);
INSERT INTO horizonapi.machine_cauldron (id_cauldron, id_machine) VALUES (10, 29);
INSERT INTO horizonapi.machine_cauldron (id_cauldron, id_machine) VALUES (8, 30);
INSERT INTO horizonapi.machine_cauldron (id_cauldron, id_machine) VALUES (8, 31);
INSERT INTO horizonapi.machine_cauldron (id_cauldron, id_machine) VALUES (12, 32);
INSERT INTO horizonapi.machine_cauldron (id_cauldron, id_machine) VALUES (10, 33);
INSERT INTO horizonapi.machine_cauldron (id_cauldron, id_machine) VALUES (11, 34);
INSERT INTO horizonapi.machine_cauldron (id_cauldron, id_machine) VALUES (4, 34);
INSERT INTO horizonapi.machine_cauldron (id_cauldron, id_machine) VALUES (12, 35);
INSERT INTO horizonapi.machine_cauldron (id_cauldron, id_machine) VALUES (3, 35);
INSERT INTO horizonapi.machine_cauldron (id_cauldron, id_machine) VALUES (11, 36);
INSERT INTO horizonapi.machine_cauldron (id_cauldron, id_machine) VALUES (11, 37);
INSERT INTO horizonapi.machine_cauldron (id_cauldron, id_machine) VALUES (12, 38);
INSERT INTO horizonapi.machine_cauldron (id_cauldron, id_machine) VALUES (11, 39);
INSERT INTO horizonapi.machine_cauldron (id_cauldron, id_machine) VALUES (4, 39);
INSERT INTO horizonapi.machine_cauldron (id_cauldron, id_machine) VALUES (11, 40);
INSERT INTO horizonapi.machine_cauldron (id_cauldron, id_machine) VALUES (4, 40);
INSERT INTO horizonapi.machine_cauldron (id_cauldron, id_machine) VALUES (12, 41);
INSERT INTO horizonapi.machine_cauldron (id_cauldron, id_machine) VALUES (5, 41);
INSERT INTO horizonapi.machine_cauldron (id_cauldron, id_machine) VALUES (12, 42);
INSERT INTO horizonapi.machine_cauldron (id_cauldron, id_machine) VALUES (5, 42);
INSERT INTO horizonapi.machine_cauldron (id_cauldron, id_machine) VALUES (11, 43);
INSERT INTO horizonapi.machine_cauldron (id_cauldron, id_machine) VALUES (11, 44);
INSERT INTO horizonapi.machine_cauldron (id_cauldron, id_machine) VALUES (12, 45);
INSERT INTO horizonapi.machine_cauldron (id_cauldron, id_machine) VALUES (5, 45);
INSERT INTO horizonapi.machine_cauldron (id_cauldron, id_machine) VALUES (11, 47);
INSERT INTO horizonapi.machine_cauldron (id_cauldron, id_machine) VALUES (6, 48);
INSERT INTO horizonapi.machine_cauldron (id_cauldron, id_machine) VALUES (13, 52);
INSERT INTO horizonapi.machine_cauldron (id_cauldron, id_machine) VALUES (10, 55);
INSERT INTO horizonapi.machine_cauldron (id_cauldron, id_machine) VALUES (3, 55);
INSERT INTO horizonapi.machine_cauldron (id_cauldron, id_machine) VALUES (10, 56);
INSERT INTO horizonapi.machine_cauldron (id_cauldron, id_machine) VALUES (3, 56);


--
-- Data for Name: machine_explosive_components; Type: TABLE DATA; Schema: horizonapi; Owner: postgres
--

INSERT INTO horizonapi.machine_explosive_components (id_machine, explosive_components) VALUES (1, 'No data');
INSERT INTO horizonapi.machine_explosive_components (id_machine, explosive_components) VALUES (2, 'No data');
INSERT INTO horizonapi.machine_explosive_components (id_machine, explosive_components) VALUES (3, 'No data');
INSERT INTO horizonapi.machine_explosive_components (id_machine, explosive_components) VALUES (4, 'No data');
INSERT INTO horizonapi.machine_explosive_components (id_machine, explosive_components) VALUES (5, 'No data');
INSERT INTO horizonapi.machine_explosive_components (id_machine, explosive_components) VALUES (6, 'Amplifying Sac');
INSERT INTO horizonapi.machine_explosive_components (id_machine, explosive_components) VALUES (6, 'Damage Dampening Sac');
INSERT INTO horizonapi.machine_explosive_components (id_machine, explosive_components) VALUES (6, 'Stamina Drain Sac');
INSERT INTO horizonapi.machine_explosive_components (id_machine, explosive_components) VALUES (7, 'No data');
INSERT INTO horizonapi.machine_explosive_components (id_machine, explosive_components) VALUES (8, 'Adhesive Sac');
INSERT INTO horizonapi.machine_explosive_components (id_machine, explosive_components) VALUES (8, 'Fertilizer Sac');
INSERT INTO horizonapi.machine_explosive_components (id_machine, explosive_components) VALUES (8, 'Purgewater Sac');
INSERT INTO horizonapi.machine_explosive_components (id_machine, explosive_components) VALUES (9, 'No data');
INSERT INTO horizonapi.machine_explosive_components (id_machine, explosive_components) VALUES (10, 'No data');
INSERT INTO horizonapi.machine_explosive_components (id_machine, explosive_components) VALUES (11, 'No data');
INSERT INTO horizonapi.machine_explosive_components (id_machine, explosive_components) VALUES (12, 'No data');
INSERT INTO horizonapi.machine_explosive_components (id_machine, explosive_components) VALUES (13, 'Concussion Sac');
INSERT INTO horizonapi.machine_explosive_components (id_machine, explosive_components) VALUES (14, 'No data');
INSERT INTO horizonapi.machine_explosive_components (id_machine, explosive_components) VALUES (15, 'No data');
INSERT INTO horizonapi.machine_explosive_components (id_machine, explosive_components) VALUES (16, 'No data');
INSERT INTO horizonapi.machine_explosive_components (id_machine, explosive_components) VALUES (17, 'No data');
INSERT INTO horizonapi.machine_explosive_components (id_machine, explosive_components) VALUES (18, 'Purgewater Sac');
INSERT INTO horizonapi.machine_explosive_components (id_machine, explosive_components) VALUES (19, 'Blaze Sac (Fire variant)');
INSERT INTO horizonapi.machine_explosive_components (id_machine, explosive_components) VALUES (19, 'Metalbite Sac (Acid Variant)');
INSERT INTO horizonapi.machine_explosive_components (id_machine, explosive_components) VALUES (20, 'No data');
INSERT INTO horizonapi.machine_explosive_components (id_machine, explosive_components) VALUES (21, 'Cargo Sac Gullet');
INSERT INTO horizonapi.machine_explosive_components (id_machine, explosive_components) VALUES (22, 'Freeze Sac');
INSERT INTO horizonapi.machine_explosive_components (id_machine, explosive_components) VALUES (22, 'Blaze Sac (Fire variant)');
INSERT INTO horizonapi.machine_explosive_components (id_machine, explosive_components) VALUES (23, 'Power Generator');
INSERT INTO horizonapi.machine_explosive_components (id_machine, explosive_components) VALUES (24, 'No data');
INSERT INTO horizonapi.machine_explosive_components (id_machine, explosive_components) VALUES (25, 'Blaze Sac');
INSERT INTO horizonapi.machine_explosive_components (id_machine, explosive_components) VALUES (26, 'No data');
INSERT INTO horizonapi.machine_explosive_components (id_machine, explosive_components) VALUES (27, 'No data');
INSERT INTO horizonapi.machine_explosive_components (id_machine, explosive_components) VALUES (28, 'Processing Unit');
INSERT INTO horizonapi.machine_explosive_components (id_machine, explosive_components) VALUES (29, 'Freeze Sac Metalbite Sac');
INSERT INTO horizonapi.machine_explosive_components (id_machine, explosive_components) VALUES (30, 'Plasma Fin');
INSERT INTO horizonapi.machine_explosive_components (id_machine, explosive_components) VALUES (31, 'No data');
INSERT INTO horizonapi.machine_explosive_components (id_machine, explosive_components) VALUES (32, 'Concussion Sac');
INSERT INTO horizonapi.machine_explosive_components (id_machine, explosive_components) VALUES (32, 'Blaze Sac');
INSERT INTO horizonapi.machine_explosive_components (id_machine, explosive_components) VALUES (33, 'Adhesive Sac (x2)');
INSERT INTO horizonapi.machine_explosive_components (id_machine, explosive_components) VALUES (33, 'Gravity Generator');
INSERT INTO horizonapi.machine_explosive_components (id_machine, explosive_components) VALUES (34, 'Fuel/Blaze Sac (x2)');
INSERT INTO horizonapi.machine_explosive_components (id_machine, explosive_components) VALUES (35, 'Force Loader (x6)');
INSERT INTO horizonapi.machine_explosive_components (id_machine, explosive_components) VALUES (36, 'Metalbite Sac');
INSERT INTO horizonapi.machine_explosive_components (id_machine, explosive_components) VALUES (37, 'Purgewater Pouch (x4)');
INSERT INTO horizonapi.machine_explosive_components (id_machine, explosive_components) VALUES (37, 'Purgewater Sac (x2)');
INSERT INTO horizonapi.machine_explosive_components (id_machine, explosive_components) VALUES (38, 'Plasma Generator (x4)');
INSERT INTO horizonapi.machine_explosive_components (id_machine, explosive_components) VALUES (38, 'Chillwater Sac (x4)');
INSERT INTO horizonapi.machine_explosive_components (id_machine, explosive_components) VALUES (39, 'Lightning Gun/Storm Cannon');
INSERT INTO horizonapi.machine_explosive_components (id_machine, explosive_components) VALUES (40, 'No data');
INSERT INTO horizonapi.machine_explosive_components (id_machine, explosive_components) VALUES (41, 'Freeze/Chillwater Sac (x2)');
INSERT INTO horizonapi.machine_explosive_components (id_machine, explosive_components) VALUES (41, 'Freeze/Chillwater Unit');
INSERT INTO horizonapi.machine_explosive_components (id_machine, explosive_components) VALUES (42, 'Power Generator');
INSERT INTO horizonapi.machine_explosive_components (id_machine, explosive_components) VALUES (43, 'Metalbite Sac');
INSERT INTO horizonapi.machine_explosive_components (id_machine, explosive_components) VALUES (43, 'Purgewater Sac');
INSERT INTO horizonapi.machine_explosive_components (id_machine, explosive_components) VALUES (44, 'Blaze Sac');
INSERT INTO horizonapi.machine_explosive_components (id_machine, explosive_components) VALUES (44, 'Amplifying Sac');
INSERT INTO horizonapi.machine_explosive_components (id_machine, explosive_components) VALUES (45, 'Fire Sac (x2)');
INSERT INTO horizonapi.machine_explosive_components (id_machine, explosive_components) VALUES (45, 'Fire Unit');
INSERT INTO horizonapi.machine_explosive_components (id_machine, explosive_components) VALUES (46, 'No data');
INSERT INTO horizonapi.machine_explosive_components (id_machine, explosive_components) VALUES (47, 'Metalbite Sac (x2)');
INSERT INTO horizonapi.machine_explosive_components (id_machine, explosive_components) VALUES (47, 'Purgewater Sac (x2)');
INSERT INTO horizonapi.machine_explosive_components (id_machine, explosive_components) VALUES (48, 'No data');
INSERT INTO horizonapi.machine_explosive_components (id_machine, explosive_components) VALUES (49, 'Plasma Unit');
INSERT INTO horizonapi.machine_explosive_components (id_machine, explosive_components) VALUES (49, 'Shock Unit');
INSERT INTO horizonapi.machine_explosive_components (id_machine, explosive_components) VALUES (50, 'Plasma Unit (x2)');
INSERT INTO horizonapi.machine_explosive_components (id_machine, explosive_components) VALUES (50, 'Shock Unit (x2)');
INSERT INTO horizonapi.machine_explosive_components (id_machine, explosive_components) VALUES (51, 'No data');
INSERT INTO horizonapi.machine_explosive_components (id_machine, explosive_components) VALUES (52, 'Adhesive Sac');
INSERT INTO horizonapi.machine_explosive_components (id_machine, explosive_components) VALUES (52, 'Blaze Sac');
INSERT INTO horizonapi.machine_explosive_components (id_machine, explosive_components) VALUES (52, 'Metalbite Sac');
INSERT INTO horizonapi.machine_explosive_components (id_machine, explosive_components) VALUES (53, 'No data');
INSERT INTO horizonapi.machine_explosive_components (id_machine, explosive_components) VALUES (54, 'Cooling Element');
INSERT INTO horizonapi.machine_explosive_components (id_machine, explosive_components) VALUES (55, 'Blaze Canister (x3)');
INSERT INTO horizonapi.machine_explosive_components (id_machine, explosive_components) VALUES (55, 'Cargo Sac Gullet');
INSERT INTO horizonapi.machine_explosive_components (id_machine, explosive_components) VALUES (56, 'Cargo Sac Gullet');


--
-- Data for Name: machine_game; Type: TABLE DATA; Schema: horizonapi; Owner: postgres
--

INSERT INTO horizonapi.machine_game (id_machine, id_game) VALUES (1, 5);
INSERT INTO horizonapi.machine_game (id_machine, id_game) VALUES (1, 3);
INSERT INTO horizonapi.machine_game (id_machine, id_game) VALUES (1, 1);
INSERT INTO horizonapi.machine_game (id_machine, id_game) VALUES (1, 7);
INSERT INTO horizonapi.machine_game (id_machine, id_game) VALUES (2, 3);
INSERT INTO horizonapi.machine_game (id_machine, id_game) VALUES (2, 1);
INSERT INTO horizonapi.machine_game (id_machine, id_game) VALUES (2, 7);
INSERT INTO horizonapi.machine_game (id_machine, id_game) VALUES (3, 3);
INSERT INTO horizonapi.machine_game (id_machine, id_game) VALUES (3, 1);
INSERT INTO horizonapi.machine_game (id_machine, id_game) VALUES (3, 7);
INSERT INTO horizonapi.machine_game (id_machine, id_game) VALUES (4, 3);
INSERT INTO horizonapi.machine_game (id_machine, id_game) VALUES (4, 1);
INSERT INTO horizonapi.machine_game (id_machine, id_game) VALUES (4, 7);
INSERT INTO horizonapi.machine_game (id_machine, id_game) VALUES (5, 5);
INSERT INTO horizonapi.machine_game (id_machine, id_game) VALUES (5, 3);
INSERT INTO horizonapi.machine_game (id_machine, id_game) VALUES (5, 1);
INSERT INTO horizonapi.machine_game (id_machine, id_game) VALUES (5, 7);
INSERT INTO horizonapi.machine_game (id_machine, id_game) VALUES (5, 2);
INSERT INTO horizonapi.machine_game (id_machine, id_game) VALUES (6, 3);
INSERT INTO horizonapi.machine_game (id_machine, id_game) VALUES (6, 1);
INSERT INTO horizonapi.machine_game (id_machine, id_game) VALUES (6, 7);
INSERT INTO horizonapi.machine_game (id_machine, id_game) VALUES (7, 3);
INSERT INTO horizonapi.machine_game (id_machine, id_game) VALUES (7, 1);
INSERT INTO horizonapi.machine_game (id_machine, id_game) VALUES (7, 7);
INSERT INTO horizonapi.machine_game (id_machine, id_game) VALUES (8, 3);
INSERT INTO horizonapi.machine_game (id_machine, id_game) VALUES (8, 1);
INSERT INTO horizonapi.machine_game (id_machine, id_game) VALUES (8, 7);
INSERT INTO horizonapi.machine_game (id_machine, id_game) VALUES (9, 3);
INSERT INTO horizonapi.machine_game (id_machine, id_game) VALUES (9, 1);
INSERT INTO horizonapi.machine_game (id_machine, id_game) VALUES (9, 7);
INSERT INTO horizonapi.machine_game (id_machine, id_game) VALUES (10, 3);
INSERT INTO horizonapi.machine_game (id_machine, id_game) VALUES (10, 1);
INSERT INTO horizonapi.machine_game (id_machine, id_game) VALUES (10, 7);
INSERT INTO horizonapi.machine_game (id_machine, id_game) VALUES (11, 3);
INSERT INTO horizonapi.machine_game (id_machine, id_game) VALUES (11, 1);
INSERT INTO horizonapi.machine_game (id_machine, id_game) VALUES (11, 7);
INSERT INTO horizonapi.machine_game (id_machine, id_game) VALUES (12, 3);
INSERT INTO horizonapi.machine_game (id_machine, id_game) VALUES (12, 1);
INSERT INTO horizonapi.machine_game (id_machine, id_game) VALUES (12, 7);
INSERT INTO horizonapi.machine_game (id_machine, id_game) VALUES (13, 3);
INSERT INTO horizonapi.machine_game (id_machine, id_game) VALUES (13, 1);
INSERT INTO horizonapi.machine_game (id_machine, id_game) VALUES (13, 7);
INSERT INTO horizonapi.machine_game (id_machine, id_game) VALUES (13, 2);
INSERT INTO horizonapi.machine_game (id_machine, id_game) VALUES (14, 3);
INSERT INTO horizonapi.machine_game (id_machine, id_game) VALUES (14, 1);
INSERT INTO horizonapi.machine_game (id_machine, id_game) VALUES (14, 7);
INSERT INTO horizonapi.machine_game (id_machine, id_game) VALUES (15, 3);
INSERT INTO horizonapi.machine_game (id_machine, id_game) VALUES (15, 1);
INSERT INTO horizonapi.machine_game (id_machine, id_game) VALUES (15, 7);
INSERT INTO horizonapi.machine_game (id_machine, id_game) VALUES (16, 5);
INSERT INTO horizonapi.machine_game (id_machine, id_game) VALUES (16, 3);
INSERT INTO horizonapi.machine_game (id_machine, id_game) VALUES (16, 1);
INSERT INTO horizonapi.machine_game (id_machine, id_game) VALUES (16, 7);
INSERT INTO horizonapi.machine_game (id_machine, id_game) VALUES (17, 5);
INSERT INTO horizonapi.machine_game (id_machine, id_game) VALUES (17, 3);
INSERT INTO horizonapi.machine_game (id_machine, id_game) VALUES (17, 1);
INSERT INTO horizonapi.machine_game (id_machine, id_game) VALUES (17, 7);
INSERT INTO horizonapi.machine_game (id_machine, id_game) VALUES (17, 2);
INSERT INTO horizonapi.machine_game (id_machine, id_game) VALUES (18, 3);
INSERT INTO horizonapi.machine_game (id_machine, id_game) VALUES (18, 1);
INSERT INTO horizonapi.machine_game (id_machine, id_game) VALUES (18, 7);
INSERT INTO horizonapi.machine_game (id_machine, id_game) VALUES (19, 3);
INSERT INTO horizonapi.machine_game (id_machine, id_game) VALUES (19, 1);
INSERT INTO horizonapi.machine_game (id_machine, id_game) VALUES (19, 7);
INSERT INTO horizonapi.machine_game (id_machine, id_game) VALUES (20, 3);
INSERT INTO horizonapi.machine_game (id_machine, id_game) VALUES (20, 4);
INSERT INTO horizonapi.machine_game (id_machine, id_game) VALUES (20, 1);
INSERT INTO horizonapi.machine_game (id_machine, id_game) VALUES (20, 7);
INSERT INTO horizonapi.machine_game (id_machine, id_game) VALUES (21, 1);
INSERT INTO horizonapi.machine_game (id_machine, id_game) VALUES (21, 7);
INSERT INTO horizonapi.machine_game (id_machine, id_game) VALUES (21, 3);
INSERT INTO horizonapi.machine_game (id_machine, id_game) VALUES (21, 5);
INSERT INTO horizonapi.machine_game (id_machine, id_game) VALUES (21, 2);
INSERT INTO horizonapi.machine_game (id_machine, id_game) VALUES (22, 5);
INSERT INTO horizonapi.machine_game (id_machine, id_game) VALUES (22, 3);
INSERT INTO horizonapi.machine_game (id_machine, id_game) VALUES (22, 4);
INSERT INTO horizonapi.machine_game (id_machine, id_game) VALUES (22, 1);
INSERT INTO horizonapi.machine_game (id_machine, id_game) VALUES (22, 7);
INSERT INTO horizonapi.machine_game (id_machine, id_game) VALUES (23, 5);
INSERT INTO horizonapi.machine_game (id_machine, id_game) VALUES (23, 3);
INSERT INTO horizonapi.machine_game (id_machine, id_game) VALUES (23, 1);
INSERT INTO horizonapi.machine_game (id_machine, id_game) VALUES (23, 7);
INSERT INTO horizonapi.machine_game (id_machine, id_game) VALUES (24, 3);
INSERT INTO horizonapi.machine_game (id_machine, id_game) VALUES (24, 1);
INSERT INTO horizonapi.machine_game (id_machine, id_game) VALUES (24, 7);
INSERT INTO horizonapi.machine_game (id_machine, id_game) VALUES (24, 2);
INSERT INTO horizonapi.machine_game (id_machine, id_game) VALUES (25, 3);
INSERT INTO horizonapi.machine_game (id_machine, id_game) VALUES (25, 1);
INSERT INTO horizonapi.machine_game (id_machine, id_game) VALUES (25, 7);
INSERT INTO horizonapi.machine_game (id_machine, id_game) VALUES (26, 3);
INSERT INTO horizonapi.machine_game (id_machine, id_game) VALUES (26, 1);
INSERT INTO horizonapi.machine_game (id_machine, id_game) VALUES (26, 7);
INSERT INTO horizonapi.machine_game (id_machine, id_game) VALUES (27, 3);
INSERT INTO horizonapi.machine_game (id_machine, id_game) VALUES (27, 1);
INSERT INTO horizonapi.machine_game (id_machine, id_game) VALUES (27, 7);
INSERT INTO horizonapi.machine_game (id_machine, id_game) VALUES (28, 3);
INSERT INTO horizonapi.machine_game (id_machine, id_game) VALUES (28, 1);
INSERT INTO horizonapi.machine_game (id_machine, id_game) VALUES (28, 7);
INSERT INTO horizonapi.machine_game (id_machine, id_game) VALUES (28, 2);
INSERT INTO horizonapi.machine_game (id_machine, id_game) VALUES (29, 5);
INSERT INTO horizonapi.machine_game (id_machine, id_game) VALUES (29, 3);
INSERT INTO horizonapi.machine_game (id_machine, id_game) VALUES (29, 1);
INSERT INTO horizonapi.machine_game (id_machine, id_game) VALUES (29, 7);
INSERT INTO horizonapi.machine_game (id_machine, id_game) VALUES (30, 3);
INSERT INTO horizonapi.machine_game (id_machine, id_game) VALUES (30, 1);
INSERT INTO horizonapi.machine_game (id_machine, id_game) VALUES (30, 7);
INSERT INTO horizonapi.machine_game (id_machine, id_game) VALUES (31, 3);
INSERT INTO horizonapi.machine_game (id_machine, id_game) VALUES (31, 1);
INSERT INTO horizonapi.machine_game (id_machine, id_game) VALUES (31, 7);
INSERT INTO horizonapi.machine_game (id_machine, id_game) VALUES (32, 3);
INSERT INTO horizonapi.machine_game (id_machine, id_game) VALUES (32, 4);
INSERT INTO horizonapi.machine_game (id_machine, id_game) VALUES (32, 1);
INSERT INTO horizonapi.machine_game (id_machine, id_game) VALUES (32, 7);
INSERT INTO horizonapi.machine_game (id_machine, id_game) VALUES (33, 3);
INSERT INTO horizonapi.machine_game (id_machine, id_game) VALUES (33, 1);
INSERT INTO horizonapi.machine_game (id_machine, id_game) VALUES (33, 7);
INSERT INTO horizonapi.machine_game (id_machine, id_game) VALUES (34, 3);
INSERT INTO horizonapi.machine_game (id_machine, id_game) VALUES (34, 1);
INSERT INTO horizonapi.machine_game (id_machine, id_game) VALUES (34, 7);
INSERT INTO horizonapi.machine_game (id_machine, id_game) VALUES (35, 3);
INSERT INTO horizonapi.machine_game (id_machine, id_game) VALUES (35, 1);
INSERT INTO horizonapi.machine_game (id_machine, id_game) VALUES (35, 7);
INSERT INTO horizonapi.machine_game (id_machine, id_game) VALUES (35, 2);
INSERT INTO horizonapi.machine_game (id_machine, id_game) VALUES (36, 3);
INSERT INTO horizonapi.machine_game (id_machine, id_game) VALUES (36, 1);
INSERT INTO horizonapi.machine_game (id_machine, id_game) VALUES (36, 7);
INSERT INTO horizonapi.machine_game (id_machine, id_game) VALUES (37, 3);
INSERT INTO horizonapi.machine_game (id_machine, id_game) VALUES (37, 1);
INSERT INTO horizonapi.machine_game (id_machine, id_game) VALUES (37, 7);
INSERT INTO horizonapi.machine_game (id_machine, id_game) VALUES (38, 3);
INSERT INTO horizonapi.machine_game (id_machine, id_game) VALUES (38, 1);
INSERT INTO horizonapi.machine_game (id_machine, id_game) VALUES (38, 7);
INSERT INTO horizonapi.machine_game (id_machine, id_game) VALUES (39, 5);
INSERT INTO horizonapi.machine_game (id_machine, id_game) VALUES (39, 3);
INSERT INTO horizonapi.machine_game (id_machine, id_game) VALUES (39, 1);
INSERT INTO horizonapi.machine_game (id_machine, id_game) VALUES (39, 7);
INSERT INTO horizonapi.machine_game (id_machine, id_game) VALUES (39, 2);
INSERT INTO horizonapi.machine_game (id_machine, id_game) VALUES (40, 5);
INSERT INTO horizonapi.machine_game (id_machine, id_game) VALUES (40, 3);
INSERT INTO horizonapi.machine_game (id_machine, id_game) VALUES (40, 1);
INSERT INTO horizonapi.machine_game (id_machine, id_game) VALUES (40, 7);
INSERT INTO horizonapi.machine_game (id_machine, id_game) VALUES (40, 2);
INSERT INTO horizonapi.machine_game (id_machine, id_game) VALUES (41, 3);
INSERT INTO horizonapi.machine_game (id_machine, id_game) VALUES (41, 1);
INSERT INTO horizonapi.machine_game (id_machine, id_game) VALUES (41, 7);
INSERT INTO horizonapi.machine_game (id_machine, id_game) VALUES (42, 3);
INSERT INTO horizonapi.machine_game (id_machine, id_game) VALUES (42, 1);
INSERT INTO horizonapi.machine_game (id_machine, id_game) VALUES (42, 7);
INSERT INTO horizonapi.machine_game (id_machine, id_game) VALUES (42, 2);
INSERT INTO horizonapi.machine_game (id_machine, id_game) VALUES (43, 3);
INSERT INTO horizonapi.machine_game (id_machine, id_game) VALUES (43, 1);
INSERT INTO horizonapi.machine_game (id_machine, id_game) VALUES (43, 7);
INSERT INTO horizonapi.machine_game (id_machine, id_game) VALUES (44, 3);
INSERT INTO horizonapi.machine_game (id_machine, id_game) VALUES (44, 1);
INSERT INTO horizonapi.machine_game (id_machine, id_game) VALUES (44, 7);
INSERT INTO horizonapi.machine_game (id_machine, id_game) VALUES (45, 5);
INSERT INTO horizonapi.machine_game (id_machine, id_game) VALUES (45, 3);
INSERT INTO horizonapi.machine_game (id_machine, id_game) VALUES (45, 4);
INSERT INTO horizonapi.machine_game (id_machine, id_game) VALUES (45, 1);
INSERT INTO horizonapi.machine_game (id_machine, id_game) VALUES (45, 7);
INSERT INTO horizonapi.machine_game (id_machine, id_game) VALUES (46, 5);
INSERT INTO horizonapi.machine_game (id_machine, id_game) VALUES (46, 3);
INSERT INTO horizonapi.machine_game (id_machine, id_game) VALUES (46, 1);
INSERT INTO horizonapi.machine_game (id_machine, id_game) VALUES (46, 7);
INSERT INTO horizonapi.machine_game (id_machine, id_game) VALUES (47, 3);
INSERT INTO horizonapi.machine_game (id_machine, id_game) VALUES (47, 1);
INSERT INTO horizonapi.machine_game (id_machine, id_game) VALUES (47, 7);
INSERT INTO horizonapi.machine_game (id_machine, id_game) VALUES (48, 5);
INSERT INTO horizonapi.machine_game (id_machine, id_game) VALUES (48, 3);
INSERT INTO horizonapi.machine_game (id_machine, id_game) VALUES (48, 1);
INSERT INTO horizonapi.machine_game (id_machine, id_game) VALUES (48, 7);
INSERT INTO horizonapi.machine_game (id_machine, id_game) VALUES (48, 2);
INSERT INTO horizonapi.machine_game (id_machine, id_game) VALUES (49, 3);
INSERT INTO horizonapi.machine_game (id_machine, id_game) VALUES (49, 1);
INSERT INTO horizonapi.machine_game (id_machine, id_game) VALUES (49, 7);
INSERT INTO horizonapi.machine_game (id_machine, id_game) VALUES (50, 3);
INSERT INTO horizonapi.machine_game (id_machine, id_game) VALUES (50, 1);
INSERT INTO horizonapi.machine_game (id_machine, id_game) VALUES (50, 7);
INSERT INTO horizonapi.machine_game (id_machine, id_game) VALUES (51, 3);
INSERT INTO horizonapi.machine_game (id_machine, id_game) VALUES (51, 1);
INSERT INTO horizonapi.machine_game (id_machine, id_game) VALUES (51, 7);
INSERT INTO horizonapi.machine_game (id_machine, id_game) VALUES (52, 3);
INSERT INTO horizonapi.machine_game (id_machine, id_game) VALUES (52, 4);
INSERT INTO horizonapi.machine_game (id_machine, id_game) VALUES (52, 1);
INSERT INTO horizonapi.machine_game (id_machine, id_game) VALUES (52, 7);
INSERT INTO horizonapi.machine_game (id_machine, id_game) VALUES (53, 3);
INSERT INTO horizonapi.machine_game (id_machine, id_game) VALUES (53, 1);
INSERT INTO horizonapi.machine_game (id_machine, id_game) VALUES (53, 7);
INSERT INTO horizonapi.machine_game (id_machine, id_game) VALUES (54, 3);
INSERT INTO horizonapi.machine_game (id_machine, id_game) VALUES (54, 1);
INSERT INTO horizonapi.machine_game (id_machine, id_game) VALUES (54, 7);
INSERT INTO horizonapi.machine_game (id_machine, id_game) VALUES (54, 2);
INSERT INTO horizonapi.machine_game (id_machine, id_game) VALUES (55, 1);
INSERT INTO horizonapi.machine_game (id_machine, id_game) VALUES (55, 7);
INSERT INTO horizonapi.machine_game (id_machine, id_game) VALUES (55, 3);
INSERT INTO horizonapi.machine_game (id_machine, id_game) VALUES (55, 5);
INSERT INTO horizonapi.machine_game (id_machine, id_game) VALUES (56, 1);
INSERT INTO horizonapi.machine_game (id_machine, id_game) VALUES (56, 7);
INSERT INTO horizonapi.machine_game (id_machine, id_game) VALUES (56, 3);
INSERT INTO horizonapi.machine_game (id_machine, id_game) VALUES (56, 5);


--
-- Data for Name: machine_strength; Type: TABLE DATA; Schema: horizonapi; Owner: postgres
--

INSERT INTO horizonapi.machine_strength (id_machine, strength_name) VALUES (1, 'Acid (HFW)');
INSERT INTO horizonapi.machine_strength (id_machine, strength_name) VALUES (2, 'No data');
INSERT INTO horizonapi.machine_strength (id_machine, strength_name) VALUES (3, 'No data');
INSERT INTO horizonapi.machine_strength (id_machine, strength_name) VALUES (4, 'Shock');
INSERT INTO horizonapi.machine_strength (id_machine, strength_name) VALUES (5, 'Plasma (HFW)');
INSERT INTO horizonapi.machine_strength (id_machine, strength_name) VALUES (6, 'Shock');
INSERT INTO horizonapi.machine_strength (id_machine, strength_name) VALUES (7, 'Fire');
INSERT INTO horizonapi.machine_strength (id_machine, strength_name) VALUES (8, 'Purgewater');
INSERT INTO horizonapi.machine_strength (id_machine, strength_name) VALUES (9, 'No data');
INSERT INTO horizonapi.machine_strength (id_machine, strength_name) VALUES (10, 'No data');
INSERT INTO horizonapi.machine_strength (id_machine, strength_name) VALUES (11, 'No data');
INSERT INTO horizonapi.machine_strength (id_machine, strength_name) VALUES (12, 'Frost (HFW)');
INSERT INTO horizonapi.machine_strength (id_machine, strength_name) VALUES (13, 'Acid (HFW)');
INSERT INTO horizonapi.machine_strength (id_machine, strength_name) VALUES (14, 'Acid or Fire');
INSERT INTO horizonapi.machine_strength (id_machine, strength_name) VALUES (15, 'Fire');
INSERT INTO horizonapi.machine_strength (id_machine, strength_name) VALUES (16, 'No data');
INSERT INTO horizonapi.machine_strength (id_machine, strength_name) VALUES (17, 'Plasma (HFW)');
INSERT INTO horizonapi.machine_strength (id_machine, strength_name) VALUES (18, 'Fire');
INSERT INTO horizonapi.machine_strength (id_machine, strength_name) VALUES (18, 'Freeze');
INSERT INTO horizonapi.machine_strength (id_machine, strength_name) VALUES (18, 'Shock');
INSERT INTO horizonapi.machine_strength (id_machine, strength_name) VALUES (18, 'Acid');
INSERT INTO horizonapi.machine_strength (id_machine, strength_name) VALUES (18, 'Plasma');
INSERT INTO horizonapi.machine_strength (id_machine, strength_name) VALUES (19, 'Acid');
INSERT INTO horizonapi.machine_strength (id_machine, strength_name) VALUES (20, 'Berserk (HFW)');
INSERT INTO horizonapi.machine_strength (id_machine, strength_name) VALUES (21, 'No data');
INSERT INTO horizonapi.machine_strength (id_machine, strength_name) VALUES (22, 'Freeze');
INSERT INTO horizonapi.machine_strength (id_machine, strength_name) VALUES (23, 'Fire (HFW)');
INSERT INTO horizonapi.machine_strength (id_machine, strength_name) VALUES (24, 'Acid (HFW)');
INSERT INTO horizonapi.machine_strength (id_machine, strength_name) VALUES (24, 'Fire (HFW)');
INSERT INTO horizonapi.machine_strength (id_machine, strength_name) VALUES (25, 'Shock');
INSERT INTO horizonapi.machine_strength (id_machine, strength_name) VALUES (26, 'No data');
INSERT INTO horizonapi.machine_strength (id_machine, strength_name) VALUES (27, 'Frost (HFW)');
INSERT INTO horizonapi.machine_strength (id_machine, strength_name) VALUES (28, 'Fire');
INSERT INTO horizonapi.machine_strength (id_machine, strength_name) VALUES (29, 'Purgewater (HFW)');
INSERT INTO horizonapi.machine_strength (id_machine, strength_name) VALUES (30, 'Plasma');
INSERT INTO horizonapi.machine_strength (id_machine, strength_name) VALUES (31, 'Purgewater');
INSERT INTO horizonapi.machine_strength (id_machine, strength_name) VALUES (32, 'Plasma');
INSERT INTO horizonapi.machine_strength (id_machine, strength_name) VALUES (33, 'Shock');
INSERT INTO horizonapi.machine_strength (id_machine, strength_name) VALUES (34, 'Fire');
INSERT INTO horizonapi.machine_strength (id_machine, strength_name) VALUES (35, 'Frost (HFW)');
INSERT INTO horizonapi.machine_strength (id_machine, strength_name) VALUES (36, 'Shock');
INSERT INTO horizonapi.machine_strength (id_machine, strength_name) VALUES (36, 'Acid');
INSERT INTO horizonapi.machine_strength (id_machine, strength_name) VALUES (37, 'Purgewater');
INSERT INTO horizonapi.machine_strength (id_machine, strength_name) VALUES (38, 'Plasma');
INSERT INTO horizonapi.machine_strength (id_machine, strength_name) VALUES (39, 'Fire (HFW)');
INSERT INTO horizonapi.machine_strength (id_machine, strength_name) VALUES (40, 'Frost (HFW)');
INSERT INTO horizonapi.machine_strength (id_machine, strength_name) VALUES (41, 'Freeze');
INSERT INTO horizonapi.machine_strength (id_machine, strength_name) VALUES (42, 'Fire');
INSERT INTO horizonapi.machine_strength (id_machine, strength_name) VALUES (43, 'Shock');
INSERT INTO horizonapi.machine_strength (id_machine, strength_name) VALUES (43, 'Purgewater');
INSERT INTO horizonapi.machine_strength (id_machine, strength_name) VALUES (44, 'Shock');
INSERT INTO horizonapi.machine_strength (id_machine, strength_name) VALUES (45, 'Shock');
INSERT INTO horizonapi.machine_strength (id_machine, strength_name) VALUES (46, 'Corruption');
INSERT INTO horizonapi.machine_strength (id_machine, strength_name) VALUES (47, 'Shock');
INSERT INTO horizonapi.machine_strength (id_machine, strength_name) VALUES (47, 'Acid');
INSERT INTO horizonapi.machine_strength (id_machine, strength_name) VALUES (47, 'Plasma');
INSERT INTO horizonapi.machine_strength (id_machine, strength_name) VALUES (48, 'All');
INSERT INTO horizonapi.machine_strength (id_machine, strength_name) VALUES (49, 'FirePurgewater');
INSERT INTO horizonapi.machine_strength (id_machine, strength_name) VALUES (50, 'Purgewater');
INSERT INTO horizonapi.machine_strength (id_machine, strength_name) VALUES (50, 'Shock');
INSERT INTO horizonapi.machine_strength (id_machine, strength_name) VALUES (51, 'Acid');
INSERT INTO horizonapi.machine_strength (id_machine, strength_name) VALUES (52, 'Acid');
INSERT INTO horizonapi.machine_strength (id_machine, strength_name) VALUES (53, 'All');
INSERT INTO horizonapi.machine_strength (id_machine, strength_name) VALUES (54, 'All');
INSERT INTO horizonapi.machine_strength (id_machine, strength_name) VALUES (55, 'Fire');
INSERT INTO horizonapi.machine_strength (id_machine, strength_name) VALUES (56, 'Freeze');


--
-- Data for Name: machine_weak_points; Type: TABLE DATA; Schema: horizonapi; Owner: postgres
--

INSERT INTO horizonapi.machine_weak_points (id_machine, weak_point_name) VALUES (1, 'Blaze Canister');
INSERT INTO horizonapi.machine_weak_points (id_machine, weak_point_name) VALUES (1, 'Eyes');
INSERT INTO horizonapi.machine_weak_points (id_machine, weak_point_name) VALUES (1, 'Rotor Blades');
INSERT INTO horizonapi.machine_weak_points (id_machine, weak_point_name) VALUES (2, 'Burrower Soundshell');
INSERT INTO horizonapi.machine_weak_points (id_machine, weak_point_name) VALUES (2, 'Elemental Canister (Canister)');
INSERT INTO horizonapi.machine_weak_points (id_machine, weak_point_name) VALUES (2, 'Eye');
INSERT INTO horizonapi.machine_weak_points (id_machine, weak_point_name) VALUES (2, 'Resource Container (Standard)');
INSERT INTO horizonapi.machine_weak_points (id_machine, weak_point_name) VALUES (2, 'Tracking Sprayer (Tracker)');
INSERT INTO horizonapi.machine_weak_points (id_machine, weak_point_name) VALUES (3, 'Antenna (Sentry variant)');
INSERT INTO horizonapi.machine_weak_points (id_machine, weak_point_name) VALUES (3, 'Eyes');
INSERT INTO horizonapi.machine_weak_points (id_machine, weak_point_name) VALUES (3, 'Power Cell');
INSERT INTO horizonapi.machine_weak_points (id_machine, weak_point_name) VALUES (3, 'Resource Container');
INSERT INTO horizonapi.machine_weak_points (id_machine, weak_point_name) VALUES (4, 'Cargo Claw');
INSERT INTO horizonapi.machine_weak_points (id_machine, weak_point_name) VALUES (4, 'Elemental Canister');
INSERT INTO horizonapi.machine_weak_points (id_machine, weak_point_name) VALUES (4, 'Eye');
INSERT INTO horizonapi.machine_weak_points (id_machine, weak_point_name) VALUES (4, 'Power Cell');
INSERT INTO horizonapi.machine_weak_points (id_machine, weak_point_name) VALUES (5, 'Eyes');
INSERT INTO horizonapi.machine_weak_points (id_machine, weak_point_name) VALUES (5, 'Plasma Cell (HFW)');
INSERT INTO horizonapi.machine_weak_points (id_machine, weak_point_name) VALUES (5, 'Power Cell (HZD)');
INSERT INTO horizonapi.machine_weak_points (id_machine, weak_point_name) VALUES (5, 'Radar');
INSERT INTO horizonapi.machine_weak_points (id_machine, weak_point_name) VALUES (6, 'Acid Canister');
INSERT INTO horizonapi.machine_weak_points (id_machine, weak_point_name) VALUES (6, 'Eyes');
INSERT INTO horizonapi.machine_weak_points (id_machine, weak_point_name) VALUES (6, 'Resource Container');
INSERT INTO horizonapi.machine_weak_points (id_machine, weak_point_name) VALUES (7, 'Acid Canister (x2)');
INSERT INTO horizonapi.machine_weak_points (id_machine, weak_point_name) VALUES (7, 'Antenna');
INSERT INTO horizonapi.machine_weak_points (id_machine, weak_point_name) VALUES (7, 'Booster');
INSERT INTO horizonapi.machine_weak_points (id_machine, weak_point_name) VALUES (7, 'Eye');
INSERT INTO horizonapi.machine_weak_points (id_machine, weak_point_name) VALUES (7, 'Razor Tail');
INSERT INTO horizonapi.machine_weak_points (id_machine, weak_point_name) VALUES (7, 'Scanning Unit');
INSERT INTO horizonapi.machine_weak_points (id_machine, weak_point_name) VALUES (7, 'Sparker');
INSERT INTO horizonapi.machine_weak_points (id_machine, weak_point_name) VALUES (7, 'Tracking Container');
INSERT INTO horizonapi.machine_weak_points (id_machine, weak_point_name) VALUES (8, 'Eye');
INSERT INTO horizonapi.machine_weak_points (id_machine, weak_point_name) VALUES (8, 'Horns');
INSERT INTO horizonapi.machine_weak_points (id_machine, weak_point_name) VALUES (8, 'Seed Dispenser');
INSERT INTO horizonapi.machine_weak_points (id_machine, weak_point_name) VALUES (8, 'Tail Capsule');
INSERT INTO horizonapi.machine_weak_points (id_machine, weak_point_name) VALUES (8, 'Tail Clamp');
INSERT INTO horizonapi.machine_weak_points (id_machine, weak_point_name) VALUES (9, 'Blaze Canister');
INSERT INTO horizonapi.machine_weak_points (id_machine, weak_point_name) VALUES (9, 'Eyes');
INSERT INTO horizonapi.machine_weak_points (id_machine, weak_point_name) VALUES (10, 'Blaze Canister');
INSERT INTO horizonapi.machine_weak_points (id_machine, weak_point_name) VALUES (10, 'Eyes Horns');
INSERT INTO horizonapi.machine_weak_points (id_machine, weak_point_name) VALUES (11, 'Blaze Canister');
INSERT INTO horizonapi.machine_weak_points (id_machine, weak_point_name) VALUES (11, 'Eyes Horns');
INSERT INTO horizonapi.machine_weak_points (id_machine, weak_point_name) VALUES (12, 'Drill Horns');
INSERT INTO horizonapi.machine_weak_points (id_machine, weak_point_name) VALUES (12, 'Eyes');
INSERT INTO horizonapi.machine_weak_points (id_machine, weak_point_name) VALUES (12, 'Freeze Canister');
INSERT INTO horizonapi.machine_weak_points (id_machine, weak_point_name) VALUES (12, 'Resource Canister');
INSERT INTO horizonapi.machine_weak_points (id_machine, weak_point_name) VALUES (13, 'Alarm Antenna');
INSERT INTO horizonapi.machine_weak_points (id_machine, weak_point_name) VALUES (13, 'Eyes');
INSERT INTO horizonapi.machine_weak_points (id_machine, weak_point_name) VALUES (13, 'Glowblast Canister (x2)');
INSERT INTO horizonapi.machine_weak_points (id_machine, weak_point_name) VALUES (13, 'Power Cell');
INSERT INTO horizonapi.machine_weak_points (id_machine, weak_point_name) VALUES (13, 'Wing');
INSERT INTO horizonapi.machine_weak_points (id_machine, weak_point_name) VALUES (14, 'Acid Canister (x2, Acid variants)');
INSERT INTO horizonapi.machine_weak_points (id_machine, weak_point_name) VALUES (14, 'Eyes');
INSERT INTO horizonapi.machine_weak_points (id_machine, weak_point_name) VALUES (14, 'Blaze Canister (x2, Fire variants)');
INSERT INTO horizonapi.machine_weak_points (id_machine, weak_point_name) VALUES (14, 'Grinder Disc');
INSERT INTO horizonapi.machine_weak_points (id_machine, weak_point_name) VALUES (14, 'Tusk');
INSERT INTO horizonapi.machine_weak_points (id_machine, weak_point_name) VALUES (15, 'Antlers');
INSERT INTO horizonapi.machine_weak_points (id_machine, weak_point_name) VALUES (15, 'Blaze Canister');
INSERT INTO horizonapi.machine_weak_points (id_machine, weak_point_name) VALUES (15, 'Eye');
INSERT INTO horizonapi.machine_weak_points (id_machine, weak_point_name) VALUES (15, 'Purgewater Canister');
INSERT INTO horizonapi.machine_weak_points (id_machine, weak_point_name) VALUES (15, 'Resource Container');
INSERT INTO horizonapi.machine_weak_points (id_machine, weak_point_name) VALUES (16, 'Eye');
INSERT INTO horizonapi.machine_weak_points (id_machine, weak_point_name) VALUES (17, 'Eye');
INSERT INTO horizonapi.machine_weak_points (id_machine, weak_point_name) VALUES (18, 'Eyes');
INSERT INTO horizonapi.machine_weak_points (id_machine, weak_point_name) VALUES (18, 'Glowblast Canister (x2)');
INSERT INTO horizonapi.machine_weak_points (id_machine, weak_point_name) VALUES (18, 'Resource Container');
INSERT INTO horizonapi.machine_weak_points (id_machine, weak_point_name) VALUES (18, 'Sparker (x2)');
INSERT INTO horizonapi.machine_weak_points (id_machine, weak_point_name) VALUES (18, 'Tusks');
INSERT INTO horizonapi.machine_weak_points (id_machine, weak_point_name) VALUES (18, 'Vacuum Turbine');
INSERT INTO horizonapi.machine_weak_points (id_machine, weak_point_name) VALUES (18, 'Vacuum Unit');
INSERT INTO horizonapi.machine_weak_points (id_machine, weak_point_name) VALUES (19, 'Acid Bomb Launcher (Acid variant)');
INSERT INTO horizonapi.machine_weak_points (id_machine, weak_point_name) VALUES (19, 'Blaze Bomb Launcher (Fire variant)');
INSERT INTO horizonapi.machine_weak_points (id_machine, weak_point_name) VALUES (19, 'Eyes');
INSERT INTO horizonapi.machine_weak_points (id_machine, weak_point_name) VALUES (19, 'Glowblast Canister');
INSERT INTO horizonapi.machine_weak_points (id_machine, weak_point_name) VALUES (19, 'Razor Tail (Standard)');
INSERT INTO horizonapi.machine_weak_points (id_machine, weak_point_name) VALUES (19, 'Resource Canister');
INSERT INTO horizonapi.machine_weak_points (id_machine, weak_point_name) VALUES (19, 'Sparker');
INSERT INTO horizonapi.machine_weak_points (id_machine, weak_point_name) VALUES (20, 'Eyes');
INSERT INTO horizonapi.machine_weak_points (id_machine, weak_point_name) VALUES (20, 'Grenade Launcher');
INSERT INTO horizonapi.machine_weak_points (id_machine, weak_point_name) VALUES (20, 'Heat Core');
INSERT INTO horizonapi.machine_weak_points (id_machine, weak_point_name) VALUES (20, 'Spike Launcher');
INSERT INTO horizonapi.machine_weak_points (id_machine, weak_point_name) VALUES (21, 'Eyes Antenna');
INSERT INTO horizonapi.machine_weak_points (id_machine, weak_point_name) VALUES (21, 'Sparker');
INSERT INTO horizonapi.machine_weak_points (id_machine, weak_point_name) VALUES (22, 'Beak');
INSERT INTO horizonapi.machine_weak_points (id_machine, weak_point_name) VALUES (22, 'Eyes');
INSERT INTO horizonapi.machine_weak_points (id_machine, weak_point_name) VALUES (23, 'Crate Holders');
INSERT INTO horizonapi.machine_weak_points (id_machine, weak_point_name) VALUES (23, 'Eyes');
INSERT INTO horizonapi.machine_weak_points (id_machine, weak_point_name) VALUES (23, 'Lightning Gun');
INSERT INTO horizonapi.machine_weak_points (id_machine, weak_point_name) VALUES (23, 'Shield Claw');
INSERT INTO horizonapi.machine_weak_points (id_machine, weak_point_name) VALUES (24, 'Antenna (HFW)');
INSERT INTO horizonapi.machine_weak_points (id_machine, weak_point_name) VALUES (24, 'Dart Gun');
INSERT INTO horizonapi.machine_weak_points (id_machine, weak_point_name) VALUES (24, 'Eyes');
INSERT INTO horizonapi.machine_weak_points (id_machine, weak_point_name) VALUES (24, 'Mine Launcher');
INSERT INTO horizonapi.machine_weak_points (id_machine, weak_point_name) VALUES (24, 'Stealth Generator');
INSERT INTO horizonapi.machine_weak_points (id_machine, weak_point_name) VALUES (25, 'Cluster Launcher');
INSERT INTO horizonapi.machine_weak_points (id_machine, weak_point_name) VALUES (25, 'Eye');
INSERT INTO horizonapi.machine_weak_points (id_machine, weak_point_name) VALUES (25, 'Horns');
INSERT INTO horizonapi.machine_weak_points (id_machine, weak_point_name) VALUES (25, 'Tail Capsule');
INSERT INTO horizonapi.machine_weak_points (id_machine, weak_point_name) VALUES (25, 'Tail Clamp');
INSERT INTO horizonapi.machine_weak_points (id_machine, weak_point_name) VALUES (26, 'Blaze Canister');
INSERT INTO horizonapi.machine_weak_points (id_machine, weak_point_name) VALUES (26, 'Eyes (snout)');
INSERT INTO horizonapi.machine_weak_points (id_machine, weak_point_name) VALUES (27, 'Blaze Canister (x2)');
INSERT INTO horizonapi.machine_weak_points (id_machine, weak_point_name) VALUES (27, 'Eyes (snout)');
INSERT INTO horizonapi.machine_weak_points (id_machine, weak_point_name) VALUES (27, 'Freeze Canister');
INSERT INTO horizonapi.machine_weak_points (id_machine, weak_point_name) VALUES (27, 'Glowblast Canister (x2) (HFW)');
INSERT INTO horizonapi.machine_weak_points (id_machine, weak_point_name) VALUES (27, 'Power Cell');
INSERT INTO horizonapi.machine_weak_points (id_machine, weak_point_name) VALUES (27, 'Ravager Cannon');
INSERT INTO horizonapi.machine_weak_points (id_machine, weak_point_name) VALUES (28, 'Excavation Horns');
INSERT INTO horizonapi.machine_weak_points (id_machine, weak_point_name) VALUES (28, 'Eyes');
INSERT INTO horizonapi.machine_weak_points (id_machine, weak_point_name) VALUES (28, 'Power Cells');
INSERT INTO horizonapi.machine_weak_points (id_machine, weak_point_name) VALUES (29, 'Blaze Canister (x2)');
INSERT INTO horizonapi.machine_weak_points (id_machine, weak_point_name) VALUES (29, 'Dispersal Tank (HFW)');
INSERT INTO horizonapi.machine_weak_points (id_machine, weak_point_name) VALUES (29, 'Eyes');
INSERT INTO horizonapi.machine_weak_points (id_machine, weak_point_name) VALUES (29, 'Glowblast Canister (x2)');
INSERT INTO horizonapi.machine_weak_points (id_machine, weak_point_name) VALUES (29, 'Purgewater Canister (x2)');
INSERT INTO horizonapi.machine_weak_points (id_machine, weak_point_name) VALUES (29, 'Resource Container (HFW)');
INSERT INTO horizonapi.machine_weak_points (id_machine, weak_point_name) VALUES (30, 'Eyes');
INSERT INTO horizonapi.machine_weak_points (id_machine, weak_point_name) VALUES (30, 'Resource Container');
INSERT INTO horizonapi.machine_weak_points (id_machine, weak_point_name) VALUES (30, 'Shield Caster');
INSERT INTO horizonapi.machine_weak_points (id_machine, weak_point_name) VALUES (30, 'Sparker');
INSERT INTO horizonapi.machine_weak_points (id_machine, weak_point_name) VALUES (31, 'Blaze Canister (x2)');
INSERT INTO horizonapi.machine_weak_points (id_machine, weak_point_name) VALUES (31, 'Chillwater Canister');
INSERT INTO horizonapi.machine_weak_points (id_machine, weak_point_name) VALUES (31, 'Eyes');
INSERT INTO horizonapi.machine_weak_points (id_machine, weak_point_name) VALUES (31, 'Gular Pouch');
INSERT INTO horizonapi.machine_weak_points (id_machine, weak_point_name) VALUES (31, 'Resource Container');
INSERT INTO horizonapi.machine_weak_points (id_machine, weak_point_name) VALUES (31, 'Wing Filter');
INSERT INTO horizonapi.machine_weak_points (id_machine, weak_point_name) VALUES (32, 'Eyes');
INSERT INTO horizonapi.machine_weak_points (id_machine, weak_point_name) VALUES (32, 'Purgewater Canister (x2)');
INSERT INTO horizonapi.machine_weak_points (id_machine, weak_point_name) VALUES (32, 'Resource Container');
INSERT INTO horizonapi.machine_weak_points (id_machine, weak_point_name) VALUES (32, 'Resource Scanner');
INSERT INTO horizonapi.machine_weak_points (id_machine, weak_point_name) VALUES (32, 'Sparker');
INSERT INTO horizonapi.machine_weak_points (id_machine, weak_point_name) VALUES (32, 'Tail Duster');
INSERT INTO horizonapi.machine_weak_points (id_machine, weak_point_name) VALUES (33, 'Acid Canister');
INSERT INTO horizonapi.machine_weak_points (id_machine, weak_point_name) VALUES (33, 'Cargo Holders');
INSERT INTO horizonapi.machine_weak_points (id_machine, weak_point_name) VALUES (33, 'Cooling Block');
INSERT INTO horizonapi.machine_weak_points (id_machine, weak_point_name) VALUES (33, 'Eyes');
INSERT INTO horizonapi.machine_weak_points (id_machine, weak_point_name) VALUES (33, 'Hammer Tail');
INSERT INTO horizonapi.machine_weak_points (id_machine, weak_point_name) VALUES (33, 'Resource Core');
INSERT INTO horizonapi.machine_weak_points (id_machine, weak_point_name) VALUES (33, 'Sparker (x2)');
INSERT INTO horizonapi.machine_weak_points (id_machine, weak_point_name) VALUES (33, 'Thruster');
INSERT INTO horizonapi.machine_weak_points (id_machine, weak_point_name) VALUES (34, 'Digging Arm/Mining Claw');
INSERT INTO horizonapi.machine_weak_points (id_machine, weak_point_name) VALUES (34, 'Exhaust Port');
INSERT INTO horizonapi.machine_weak_points (id_machine, weak_point_name) VALUES (34, 'Eyes');
INSERT INTO horizonapi.machine_weak_points (id_machine, weak_point_name) VALUES (34, 'Resource Container (x2)');
INSERT INTO horizonapi.machine_weak_points (id_machine, weak_point_name) VALUES (35, 'Acid Canister (HFW)');
INSERT INTO horizonapi.machine_weak_points (id_machine, weak_point_name) VALUES (35, 'Antenna');
INSERT INTO horizonapi.machine_weak_points (id_machine, weak_point_name) VALUES (35, 'Blaze Canister');
INSERT INTO horizonapi.machine_weak_points (id_machine, weak_point_name) VALUES (35, 'Crate Holder');
INSERT INTO horizonapi.machine_weak_points (id_machine, weak_point_name) VALUES (35, 'Eyes');
INSERT INTO horizonapi.machine_weak_points (id_machine, weak_point_name) VALUES (35, 'Freeze Canister');
INSERT INTO horizonapi.machine_weak_points (id_machine, weak_point_name) VALUES (35, 'Glowblast Canister (x2)');
INSERT INTO horizonapi.machine_weak_points (id_machine, weak_point_name) VALUES (35, 'Power Cell');
INSERT INTO horizonapi.machine_weak_points (id_machine, weak_point_name) VALUES (36, 'Acid Canister (x2)');
INSERT INTO horizonapi.machine_weak_points (id_machine, weak_point_name) VALUES (36, 'Antenna');
INSERT INTO horizonapi.machine_weak_points (id_machine, weak_point_name) VALUES (36, 'Bomb Launcher');
INSERT INTO horizonapi.machine_weak_points (id_machine, weak_point_name) VALUES (36, 'Dmg Dampener Container');
INSERT INTO horizonapi.machine_weak_points (id_machine, weak_point_name) VALUES (36, 'Eyes');
INSERT INTO horizonapi.machine_weak_points (id_machine, weak_point_name) VALUES (36, 'Flash Blinder');
INSERT INTO horizonapi.machine_weak_points (id_machine, weak_point_name) VALUES (36, 'Glowblast Canister (x2)');
INSERT INTO horizonapi.machine_weak_points (id_machine, weak_point_name) VALUES (36, 'Metal Fang');
INSERT INTO horizonapi.machine_weak_points (id_machine, weak_point_name) VALUES (36, 'Noxious Container');
INSERT INTO horizonapi.machine_weak_points (id_machine, weak_point_name) VALUES (36, 'Purgewater Canister');
INSERT INTO horizonapi.machine_weak_points (id_machine, weak_point_name) VALUES (36, 'Radar');
INSERT INTO horizonapi.machine_weak_points (id_machine, weak_point_name) VALUES (36, 'Resource Container');
INSERT INTO horizonapi.machine_weak_points (id_machine, weak_point_name) VALUES (36, 'Sparker');
INSERT INTO horizonapi.machine_weak_points (id_machine, weak_point_name) VALUES (36, 'Stamina Drain Sac');
INSERT INTO horizonapi.machine_weak_points (id_machine, weak_point_name) VALUES (36, 'Stealth Generator');
INSERT INTO horizonapi.machine_weak_points (id_machine, weak_point_name) VALUES (37, 'Acid Canister (x2)');
INSERT INTO horizonapi.machine_weak_points (id_machine, weak_point_name) VALUES (37, 'Antenna');
INSERT INTO horizonapi.machine_weak_points (id_machine, weak_point_name) VALUES (37, 'Blaze Canister (x2)');
INSERT INTO horizonapi.machine_weak_points (id_machine, weak_point_name) VALUES (37, 'Chillwater Canister');
INSERT INTO horizonapi.machine_weak_points (id_machine, weak_point_name) VALUES (37, 'Exhaust Port');
INSERT INTO horizonapi.machine_weak_points (id_machine, weak_point_name) VALUES (37, 'Eyes');
INSERT INTO horizonapi.machine_weak_points (id_machine, weak_point_name) VALUES (37, 'Glowblast Canister');
INSERT INTO horizonapi.machine_weak_points (id_machine, weak_point_name) VALUES (37, 'Heart');
INSERT INTO horizonapi.machine_weak_points (id_machine, weak_point_name) VALUES (37, 'Processing Capsule');
INSERT INTO horizonapi.machine_weak_points (id_machine, weak_point_name) VALUES (37, 'Purgewater Cannon');
INSERT INTO horizonapi.machine_weak_points (id_machine, weak_point_name) VALUES (37, 'Sparker');
INSERT INTO horizonapi.machine_weak_points (id_machine, weak_point_name) VALUES (37, 'Tail');
INSERT INTO horizonapi.machine_weak_points (id_machine, weak_point_name) VALUES (37, 'Tail Canister');
INSERT INTO horizonapi.machine_weak_points (id_machine, weak_point_name) VALUES (37, 'Tidal Disc');
INSERT INTO horizonapi.machine_weak_points (id_machine, weak_point_name) VALUES (38, 'Acid Canister (x5)');
INSERT INTO horizonapi.machine_weak_points (id_machine, weak_point_name) VALUES (38, 'Eyes');
INSERT INTO horizonapi.machine_weak_points (id_machine, weak_point_name) VALUES (38, 'Frost Blaster');
INSERT INTO horizonapi.machine_weak_points (id_machine, weak_point_name) VALUES (38, 'Kinetic Dynamo');
INSERT INTO horizonapi.machine_weak_points (id_machine, weak_point_name) VALUES (38, 'Processing Capsule');
INSERT INTO horizonapi.machine_weak_points (id_machine, weak_point_name) VALUES (38, 'Refining Core (x11)');
INSERT INTO horizonapi.machine_weak_points (id_machine, weak_point_name) VALUES (38, 'Resource Container');
INSERT INTO horizonapi.machine_weak_points (id_machine, weak_point_name) VALUES (38, 'Shell Bolt');
INSERT INTO horizonapi.machine_weak_points (id_machine, weak_point_name) VALUES (38, 'Sparker');
INSERT INTO horizonapi.machine_weak_points (id_machine, weak_point_name) VALUES (39, 'Acid Canister (x2)');
INSERT INTO horizonapi.machine_weak_points (id_machine, weak_point_name) VALUES (39, 'Blaze Canister (x2)');
INSERT INTO horizonapi.machine_weak_points (id_machine, weak_point_name) VALUES (39, 'Engine/Wing Thruster');
INSERT INTO horizonapi.machine_weak_points (id_machine, weak_point_name) VALUES (39, 'Eyes');
INSERT INTO horizonapi.machine_weak_points (id_machine, weak_point_name) VALUES (39, 'Freeze Canister');
INSERT INTO horizonapi.machine_weak_points (id_machine, weak_point_name) VALUES (39, 'Glowblast Canister (x2)');
INSERT INTO horizonapi.machine_weak_points (id_machine, weak_point_name) VALUES (39, 'Purgewater Canister (x2)');
INSERT INTO horizonapi.machine_weak_points (id_machine, weak_point_name) VALUES (40, 'Acid Canister (x6)');
INSERT INTO horizonapi.machine_weak_points (id_machine, weak_point_name) VALUES (40, 'Ammo Drum (HFW)');
INSERT INTO horizonapi.machine_weak_points (id_machine, weak_point_name) VALUES (40, 'Antenna (HFW)');
INSERT INTO horizonapi.machine_weak_points (id_machine, weak_point_name) VALUES (40, 'Blaze Canister (x6)');
INSERT INTO horizonapi.machine_weak_points (id_machine, weak_point_name) VALUES (40, 'Cannon (x2)');
INSERT INTO horizonapi.machine_weak_points (id_machine, weak_point_name) VALUES (40, 'Data Nexus');
INSERT INTO horizonapi.machine_weak_points (id_machine, weak_point_name) VALUES (40, 'Disc Launcher (x2)');
INSERT INTO horizonapi.machine_weak_points (id_machine, weak_point_name) VALUES (40, 'Eyes');
INSERT INTO horizonapi.machine_weak_points (id_machine, weak_point_name) VALUES (40, 'Freeze Canister (x6)');
INSERT INTO horizonapi.machine_weak_points (id_machine, weak_point_name) VALUES (40, 'Glowblast Canister (x6)');
INSERT INTO horizonapi.machine_weak_points (id_machine, weak_point_name) VALUES (40, 'Heart');
INSERT INTO horizonapi.machine_weak_points (id_machine, weak_point_name) VALUES (40, 'Power Cell (x4)');
INSERT INTO horizonapi.machine_weak_points (id_machine, weak_point_name) VALUES (40, 'Purgewater Canister (x4)');
INSERT INTO horizonapi.machine_weak_points (id_machine, weak_point_name) VALUES (40, 'Radar');
INSERT INTO horizonapi.machine_weak_points (id_machine, weak_point_name) VALUES (40, 'Tail');
INSERT INTO horizonapi.machine_weak_points (id_machine, weak_point_name) VALUES (41, 'Eyes');
INSERT INTO horizonapi.machine_weak_points (id_machine, weak_point_name) VALUES (41, 'Glowblast Canister (x2)');
INSERT INTO horizonapi.machine_weak_points (id_machine, weak_point_name) VALUES (41, 'Power Cell/Sparker');
INSERT INTO horizonapi.machine_weak_points (id_machine, weak_point_name) VALUES (41, 'Resource Container (x2)');
INSERT INTO horizonapi.machine_weak_points (id_machine, weak_point_name) VALUES (42, 'Blaze Canister (x2)');
INSERT INTO horizonapi.machine_weak_points (id_machine, weak_point_name) VALUES (42, 'Eyes (snout)');
INSERT INTO horizonapi.machine_weak_points (id_machine, weak_point_name) VALUES (42, 'Glowblast Canister (x2)');
INSERT INTO horizonapi.machine_weak_points (id_machine, weak_point_name) VALUES (42, 'Mine Launcher');
INSERT INTO horizonapi.machine_weak_points (id_machine, weak_point_name) VALUES (42, 'Purgewater Canister (x2)');
INSERT INTO horizonapi.machine_weak_points (id_machine, weak_point_name) VALUES (42, 'Scanning Ear (x2)');
INSERT INTO horizonapi.machine_weak_points (id_machine, weak_point_name) VALUES (43, 'Acid Canister (x3)');
INSERT INTO horizonapi.machine_weak_points (id_machine, weak_point_name) VALUES (43, 'Data Nexus');
INSERT INTO horizonapi.machine_weak_points (id_machine, weak_point_name) VALUES (43, 'Earthgrinder');
INSERT INTO horizonapi.machine_weak_points (id_machine, weak_point_name) VALUES (43, 'Eyes');
INSERT INTO horizonapi.machine_weak_points (id_machine, weak_point_name) VALUES (43, 'Glowblast Canister (x2)');
INSERT INTO horizonapi.machine_weak_points (id_machine, weak_point_name) VALUES (43, 'Purgewater Canister (x3)');
INSERT INTO horizonapi.machine_weak_points (id_machine, weak_point_name) VALUES (43, 'Resource Container (x9)');
INSERT INTO horizonapi.machine_weak_points (id_machine, weak_point_name) VALUES (43, 'Shock Orb');
INSERT INTO horizonapi.machine_weak_points (id_machine, weak_point_name) VALUES (43, 'Sonic Hood');
INSERT INTO horizonapi.machine_weak_points (id_machine, weak_point_name) VALUES (43, 'Sparker (x2)');
INSERT INTO horizonapi.machine_weak_points (id_machine, weak_point_name) VALUES (44, 'Ammo Drum');
INSERT INTO horizonapi.machine_weak_points (id_machine, weak_point_name) VALUES (44, 'Antenna');
INSERT INTO horizonapi.machine_weak_points (id_machine, weak_point_name) VALUES (44, 'Chillwater Canister (x2)');
INSERT INTO horizonapi.machine_weak_points (id_machine, weak_point_name) VALUES (44, 'Eyes');
INSERT INTO horizonapi.machine_weak_points (id_machine, weak_point_name) VALUES (44, 'Heat Sink');
INSERT INTO horizonapi.machine_weak_points (id_machine, weak_point_name) VALUES (44, 'Plasma Cannon');
INSERT INTO horizonapi.machine_weak_points (id_machine, weak_point_name) VALUES (44, 'Processing Capsule');
INSERT INTO horizonapi.machine_weak_points (id_machine, weak_point_name) VALUES (44, 'Salvo Cannon');
INSERT INTO horizonapi.machine_weak_points (id_machine, weak_point_name) VALUES (44, 'Shock Cannon');
INSERT INTO horizonapi.machine_weak_points (id_machine, weak_point_name) VALUES (44, 'Sparker');
INSERT INTO horizonapi.machine_weak_points (id_machine, weak_point_name) VALUES (44, 'Tusk');
INSERT INTO horizonapi.machine_weak_points (id_machine, weak_point_name) VALUES (45, 'Chillwater Canister (x2)');
INSERT INTO horizonapi.machine_weak_points (id_machine, weak_point_name) VALUES (45, 'Eyes');
INSERT INTO horizonapi.machine_weak_points (id_machine, weak_point_name) VALUES (45, 'Glowblast Canister (x4)');
INSERT INTO horizonapi.machine_weak_points (id_machine, weak_point_name) VALUES (45, 'Power Cell (x6/x4)');
INSERT INTO horizonapi.machine_weak_points (id_machine, weak_point_name) VALUES (45, 'Purgewater Canister (x2)');
INSERT INTO horizonapi.machine_weak_points (id_machine, weak_point_name) VALUES (46, 'Cooling Rod');
INSERT INTO horizonapi.machine_weak_points (id_machine, weak_point_name) VALUES (46, 'Core');
INSERT INTO horizonapi.machine_weak_points (id_machine, weak_point_name) VALUES (46, 'Eyes');
INSERT INTO horizonapi.machine_weak_points (id_machine, weak_point_name) VALUES (46, 'Flamethrower');
INSERT INTO horizonapi.machine_weak_points (id_machine, weak_point_name) VALUES (46, 'Grenade Launcher');
INSERT INTO horizonapi.machine_weak_points (id_machine, weak_point_name) VALUES (46, 'Gun Turret');
INSERT INTO horizonapi.machine_weak_points (id_machine, weak_point_name) VALUES (46, 'Heat Vent');
INSERT INTO horizonapi.machine_weak_points (id_machine, weak_point_name) VALUES (46, 'Heavy Cannon Turret');
INSERT INTO horizonapi.machine_weak_points (id_machine, weak_point_name) VALUES (46, 'Repeater Cannon Turret');
INSERT INTO horizonapi.machine_weak_points (id_machine, weak_point_name) VALUES (46, 'Stabilizer');
INSERT INTO horizonapi.machine_weak_points (id_machine, weak_point_name) VALUES (46, 'Swarm Launcher');
INSERT INTO horizonapi.machine_weak_points (id_machine, weak_point_name) VALUES (47, 'Acid Canister (x4)');
INSERT INTO horizonapi.machine_weak_points (id_machine, weak_point_name) VALUES (47, 'Antenna');
INSERT INTO horizonapi.machine_weak_points (id_machine, weak_point_name) VALUES (47, 'Blaze Canister (x3)');
INSERT INTO horizonapi.machine_weak_points (id_machine, weak_point_name) VALUES (47, 'Capacitor Capsule');
INSERT INTO horizonapi.machine_weak_points (id_machine, weak_point_name) VALUES (47, 'Chillwater Canister');
INSERT INTO horizonapi.machine_weak_points (id_machine, weak_point_name) VALUES (47, 'Eyes');
INSERT INTO horizonapi.machine_weak_points (id_machine, weak_point_name) VALUES (47, 'Plasma Core');
INSERT INTO horizonapi.machine_weak_points (id_machine, weak_point_name) VALUES (47, 'Plasma Earthblaster');
INSERT INTO horizonapi.machine_weak_points (id_machine, weak_point_name) VALUES (47, 'Plasma Energizer');
INSERT INTO horizonapi.machine_weak_points (id_machine, weak_point_name) VALUES (47, 'Plasma Spine Launcher (x8)');
INSERT INTO horizonapi.machine_weak_points (id_machine, weak_point_name) VALUES (47, 'Processing Capsule');
INSERT INTO horizonapi.machine_weak_points (id_machine, weak_point_name) VALUES (47, 'Purgewater Canister');
INSERT INTO horizonapi.machine_weak_points (id_machine, weak_point_name) VALUES (47, 'Spinetail Lancer');
INSERT INTO horizonapi.machine_weak_points (id_machine, weak_point_name) VALUES (47, 'Tail Canister');
INSERT INTO horizonapi.machine_weak_points (id_machine, weak_point_name) VALUES (48, 'No data');
INSERT INTO horizonapi.machine_weak_points (id_machine, weak_point_name) VALUES (49, 'Control Nexus');
INSERT INTO horizonapi.machine_weak_points (id_machine, weak_point_name) VALUES (49, 'Eyes');
INSERT INTO horizonapi.machine_weak_points (id_machine, weak_point_name) VALUES (49, 'Nano Plate');
INSERT INTO horizonapi.machine_weak_points (id_machine, weak_point_name) VALUES (49, 'Pulse Cannon');
INSERT INTO horizonapi.machine_weak_points (id_machine, weak_point_name) VALUES (49, 'Regeneration Unit');
INSERT INTO horizonapi.machine_weak_points (id_machine, weak_point_name) VALUES (49, 'Resource Repository');
INSERT INTO horizonapi.machine_weak_points (id_machine, weak_point_name) VALUES (49, 'Vector Thruster');
INSERT INTO horizonapi.machine_weak_points (id_machine, weak_point_name) VALUES (50, 'Control Nexus');
INSERT INTO horizonapi.machine_weak_points (id_machine, weak_point_name) VALUES (50, 'Eyes');
INSERT INTO horizonapi.machine_weak_points (id_machine, weak_point_name) VALUES (50, 'Lancer Prime');
INSERT INTO horizonapi.machine_weak_points (id_machine, weak_point_name) VALUES (50, 'Nano Plate (x8)');
INSERT INTO horizonapi.machine_weak_points (id_machine, weak_point_name) VALUES (50, 'Pulse Cannon');
INSERT INTO horizonapi.machine_weak_points (id_machine, weak_point_name) VALUES (50, 'Regeneration Unit');
INSERT INTO horizonapi.machine_weak_points (id_machine, weak_point_name) VALUES (50, 'Resource Repository');
INSERT INTO horizonapi.machine_weak_points (id_machine, weak_point_name) VALUES (50, 'Siege Mortar');
INSERT INTO horizonapi.machine_weak_points (id_machine, weak_point_name) VALUES (50, 'Vector Thruster');
INSERT INTO horizonapi.machine_weak_points (id_machine, weak_point_name) VALUES (51, 'Arc Cell');
INSERT INTO horizonapi.machine_weak_points (id_machine, weak_point_name) VALUES (51, 'Eye');
INSERT INTO horizonapi.machine_weak_points (id_machine, weak_point_name) VALUES (52, 'Egg Launcher');
INSERT INTO horizonapi.machine_weak_points (id_machine, weak_point_name) VALUES (52, 'Eyes');
INSERT INTO horizonapi.machine_weak_points (id_machine, weak_point_name) VALUES (52, 'Fortified Container');
INSERT INTO horizonapi.machine_weak_points (id_machine, weak_point_name) VALUES (52, 'Purgewater Canister (x2)');
INSERT INTO horizonapi.machine_weak_points (id_machine, weak_point_name) VALUES (52, 'Resource Container');
INSERT INTO horizonapi.machine_weak_points (id_machine, weak_point_name) VALUES (52, 'Sparker');
INSERT INTO horizonapi.machine_weak_points (id_machine, weak_point_name) VALUES (53, 'No data');
INSERT INTO horizonapi.machine_weak_points (id_machine, weak_point_name) VALUES (54, 'Cooling Element');
INSERT INTO horizonapi.machine_weak_points (id_machine, weak_point_name) VALUES (55, 'Blaze Canister x3');
INSERT INTO horizonapi.machine_weak_points (id_machine, weak_point_name) VALUES (55, 'Eyes');
INSERT INTO horizonapi.machine_weak_points (id_machine, weak_point_name) VALUES (56, 'Eyes');
INSERT INTO horizonapi.machine_weak_points (id_machine, weak_point_name) VALUES (56, 'Freeze Canister x3');


--
-- Data for Name: machine_weakness; Type: TABLE DATA; Schema: horizonapi; Owner: postgres
--

INSERT INTO horizonapi.machine_weakness (id_machine, weakness_name) VALUES (1, 'Shock (HFW)');
INSERT INTO horizonapi.machine_weakness (id_machine, weakness_name) VALUES (2, 'Fire');
INSERT INTO horizonapi.machine_weakness (id_machine, weakness_name) VALUES (3, 'Frost');
INSERT INTO horizonapi.machine_weakness (id_machine, weakness_name) VALUES (4, 'Purgewater');
INSERT INTO horizonapi.machine_weakness (id_machine, weakness_name) VALUES (5, 'Shock (HFW)');
INSERT INTO horizonapi.machine_weakness (id_machine, weakness_name) VALUES (6, 'Purgewater');
INSERT INTO horizonapi.machine_weakness (id_machine, weakness_name) VALUES (7, 'Frost');
INSERT INTO horizonapi.machine_weakness (id_machine, weakness_name) VALUES (8, 'Acid');
INSERT INTO horizonapi.machine_weakness (id_machine, weakness_name) VALUES (9, 'No data');
INSERT INTO horizonapi.machine_weakness (id_machine, weakness_name) VALUES (10, 'No data');
INSERT INTO horizonapi.machine_weakness (id_machine, weakness_name) VALUES (11, 'Shock (HFW)');
INSERT INTO horizonapi.machine_weakness (id_machine, weakness_name) VALUES (12, 'Fire (HFW)');
INSERT INTO horizonapi.machine_weakness (id_machine, weakness_name) VALUES (13, 'Shock');
INSERT INTO horizonapi.machine_weakness (id_machine, weakness_name) VALUES (14, 'Shock');
INSERT INTO horizonapi.machine_weakness (id_machine, weakness_name) VALUES (15, 'Frost');
INSERT INTO horizonapi.machine_weakness (id_machine, weakness_name) VALUES (16, 'No data');
INSERT INTO horizonapi.machine_weakness (id_machine, weakness_name) VALUES (17, 'Shock (HFW)');
INSERT INTO horizonapi.machine_weakness (id_machine, weakness_name) VALUES (18, 'Purgewater');
INSERT INTO horizonapi.machine_weakness (id_machine, weakness_name) VALUES (19, 'Shock');
INSERT INTO horizonapi.machine_weakness (id_machine, weakness_name) VALUES (20, 'Fire');
INSERT INTO horizonapi.machine_weakness (id_machine, weakness_name) VALUES (21, 'No data');
INSERT INTO horizonapi.machine_weakness (id_machine, weakness_name) VALUES (22, 'Fire');
INSERT INTO horizonapi.machine_weakness (id_machine, weakness_name) VALUES (23, 'Acid (HFW)');
INSERT INTO horizonapi.machine_weakness (id_machine, weakness_name) VALUES (24, 'Shock');
INSERT INTO horizonapi.machine_weakness (id_machine, weakness_name) VALUES (25, 'Purgewater');
INSERT INTO horizonapi.machine_weakness (id_machine, weakness_name) VALUES (26, 'Fire');
INSERT INTO horizonapi.machine_weakness (id_machine, weakness_name) VALUES (27, 'Acid (HFW)');
INSERT INTO horizonapi.machine_weakness (id_machine, weakness_name) VALUES (27, 'Purgewater (HFW)');
INSERT INTO horizonapi.machine_weakness (id_machine, weakness_name) VALUES (28, 'Freeze');
INSERT INTO horizonapi.machine_weakness (id_machine, weakness_name) VALUES (29, 'Shock (HFW)');
INSERT INTO horizonapi.machine_weakness (id_machine, weakness_name) VALUES (30, 'Purgewater');
INSERT INTO horizonapi.machine_weakness (id_machine, weakness_name) VALUES (31, 'Fire');
INSERT INTO horizonapi.machine_weakness (id_machine, weakness_name) VALUES (32, 'Purgewater');
INSERT INTO horizonapi.machine_weakness (id_machine, weakness_name) VALUES (33, 'Acid');
INSERT INTO horizonapi.machine_weakness (id_machine, weakness_name) VALUES (34, 'Shock (HFW)');
INSERT INTO horizonapi.machine_weakness (id_machine, weakness_name) VALUES (35, 'Fire (HFW)');
INSERT INTO horizonapi.machine_weakness (id_machine, weakness_name) VALUES (35, 'Acid (HFW)');
INSERT INTO horizonapi.machine_weakness (id_machine, weakness_name) VALUES (36, 'Fire');
INSERT INTO horizonapi.machine_weakness (id_machine, weakness_name) VALUES (37, 'Shock');
INSERT INTO horizonapi.machine_weakness (id_machine, weakness_name) VALUES (38, 'Fire');
INSERT INTO horizonapi.machine_weakness (id_machine, weakness_name) VALUES (39, 'Acid (HFW)');
INSERT INTO horizonapi.machine_weakness (id_machine, weakness_name) VALUES (39, 'Plasma (HFW)');
INSERT INTO horizonapi.machine_weakness (id_machine, weakness_name) VALUES (40, 'Acid (HFW)');
INSERT INTO horizonapi.machine_weakness (id_machine, weakness_name) VALUES (40, 'Purgewater (HFW)');
INSERT INTO horizonapi.machine_weakness (id_machine, weakness_name) VALUES (41, 'Shock (HFW)');
INSERT INTO horizonapi.machine_weakness (id_machine, weakness_name) VALUES (42, 'Shock (HFW)');
INSERT INTO horizonapi.machine_weakness (id_machine, weakness_name) VALUES (43, 'Frost');
INSERT INTO horizonapi.machine_weakness (id_machine, weakness_name) VALUES (43, 'Plasma');
INSERT INTO horizonapi.machine_weakness (id_machine, weakness_name) VALUES (44, 'Freeze');
INSERT INTO horizonapi.machine_weakness (id_machine, weakness_name) VALUES (45, 'Purgewater');
INSERT INTO horizonapi.machine_weakness (id_machine, weakness_name) VALUES (46, 'Shock');
INSERT INTO horizonapi.machine_weakness (id_machine, weakness_name) VALUES (47, 'Purgewater');
INSERT INTO horizonapi.machine_weakness (id_machine, weakness_name) VALUES (48, 'No data');
INSERT INTO horizonapi.machine_weakness (id_machine, weakness_name) VALUES (49, 'Plasma');
INSERT INTO horizonapi.machine_weakness (id_machine, weakness_name) VALUES (50, 'Plasma');
INSERT INTO horizonapi.machine_weakness (id_machine, weakness_name) VALUES (51, 'Shock');
INSERT INTO horizonapi.machine_weakness (id_machine, weakness_name) VALUES (52, 'Frost');
INSERT INTO horizonapi.machine_weakness (id_machine, weakness_name) VALUES (53, 'No data');
INSERT INTO horizonapi.machine_weakness (id_machine, weakness_name) VALUES (54, 'No data');
INSERT INTO horizonapi.machine_weakness (id_machine, weakness_name) VALUES (55, 'Freeze');
INSERT INTO horizonapi.machine_weakness (id_machine, weakness_name) VALUES (56, 'Fire');


--
-- Data for Name: override_machine_cauldron; Type: TABLE DATA; Schema: horizonapi; Owner: postgres
--



--
-- Data for Name: region_faction; Type: TABLE DATA; Schema: horizonapi; Owner: postgres
--

INSERT INTO horizonapi.region_faction (id_region, name_faction) VALUES (1, 'Carja');
INSERT INTO horizonapi.region_faction (id_region, name_faction) VALUES (2, 'Carja');
INSERT INTO horizonapi.region_faction (id_region, name_faction) VALUES (2, 'Shadow Carja');
INSERT INTO horizonapi.region_faction (id_region, name_faction) VALUES (3, 'Carja');
INSERT INTO horizonapi.region_faction (id_region, name_faction) VALUES (3, 'Shadow Carja');
INSERT INTO horizonapi.region_faction (id_region, name_faction) VALUES (4, 'Carja');
INSERT INTO horizonapi.region_faction (id_region, name_faction) VALUES (5, 'Banuk');
INSERT INTO horizonapi.region_faction (id_region, name_faction) VALUES (6, 'Nora');
INSERT INTO horizonapi.region_faction (id_region, name_faction) VALUES (7, 'Carja');
INSERT INTO horizonapi.region_faction (id_region, name_faction) VALUES (8, 'None');
INSERT INTO horizonapi.region_faction (id_region, name_faction) VALUES (9, 'None');
INSERT INTO horizonapi.region_faction (id_region, name_faction) VALUES (10, 'Tenakth');
INSERT INTO horizonapi.region_faction (id_region, name_faction) VALUES (11, 'None');
INSERT INTO horizonapi.region_faction (id_region, name_faction) VALUES (12, 'Lowland Clan');
INSERT INTO horizonapi.region_faction (id_region, name_faction) VALUES (13, 'Tenakth');
INSERT INTO horizonapi.region_faction (id_region, name_faction) VALUES (14, 'Tenakth');
INSERT INTO horizonapi.region_faction (id_region, name_faction) VALUES (15, 'Unknown');
INSERT INTO horizonapi.region_faction (id_region, name_faction) VALUES (16, 'Neutral');
INSERT INTO horizonapi.region_faction (id_region, name_faction) VALUES (17, 'Tenakth');
INSERT INTO horizonapi.region_faction (id_region, name_faction) VALUES (17, 'Lowland Clan');
INSERT INTO horizonapi.region_faction (id_region, name_faction) VALUES (18, 'Utaru');
INSERT INTO horizonapi.region_faction (id_region, name_faction) VALUES (19, 'Tenakth');
INSERT INTO horizonapi.region_faction (id_region, name_faction) VALUES (19, 'Desert Clan');
INSERT INTO horizonapi.region_faction (id_region, name_faction) VALUES (20, 'Tenakth');
INSERT INTO horizonapi.region_faction (id_region, name_faction) VALUES (20, 'Sky Clan');
INSERT INTO horizonapi.region_faction (id_region, name_faction) VALUES (21, 'Desert Tenakth');
INSERT INTO horizonapi.region_faction (id_region, name_faction) VALUES (22, 'Tenakth');
INSERT INTO horizonapi.region_faction (id_region, name_faction) VALUES (23, 'Oseram');
INSERT INTO horizonapi.region_faction (id_region, name_faction) VALUES (24, 'Carja');


--
-- Data for Name: roles; Type: TABLE DATA; Schema: horizonapi; Owner: postgres
--



--
-- Data for Name: users; Type: TABLE DATA; Schema: horizonapi; Owner: postgres
--



--
-- Name: area_id_seq; Type: SEQUENCE SET; Schema: horizonapi; Owner: postgres
--

SELECT pg_catalog.setval('horizonapi.area_id_seq', 9, true);


--
-- Name: cauldron_id_seq; Type: SEQUENCE SET; Schema: horizonapi; Owner: postgres
--

SELECT pg_catalog.setval('horizonapi.cauldron_id_seq', 13, true);


--
-- Name: characters_id_seq; Type: SEQUENCE SET; Schema: horizonapi; Owner: postgres
--

SELECT pg_catalog.setval('horizonapi.characters_id_seq', 536, true);


--
-- Name: game_id_seq; Type: SEQUENCE SET; Schema: horizonapi; Owner: postgres
--

SELECT pg_catalog.setval('horizonapi.game_id_seq', 1, false);


--
-- Name: machines_id_seq; Type: SEQUENCE SET; Schema: horizonapi; Owner: postgres
--

SELECT pg_catalog.setval('horizonapi.machines_id_seq', 56, true);


--
-- Name: platform_id_seq; Type: SEQUENCE SET; Schema: horizonapi; Owner: postgres
--

SELECT pg_catalog.setval('horizonapi.platform_id_seq', 1, true);


--
-- Name: region_id_seq; Type: SEQUENCE SET; Schema: horizonapi; Owner: postgres
--

SELECT pg_catalog.setval('horizonapi.region_id_seq', 24, true);


--
-- Name: roles_role_id_seq; Type: SEQUENCE SET; Schema: horizonapi; Owner: postgres
--

SELECT pg_catalog.setval('horizonapi.roles_role_id_seq', 1, false);


--
-- PostgreSQL database dump complete
--

